id_comercio|id_bandera|id_sucursal|sucursales_nombre|sucursales_tipo|sucursales_calle|sucursales_numero|sucursales_latitud|sucursales_longitud|sucursales_observaciones|sucursales_barrio|sucursales_codigo_postal|sucursales_localidad|sucursales_provincia|sucursales_lunes_horario_atencion|sucursales_martes_horario_atencion|sucursales_miercoles_horario_atencion|sucursales_jueves_horario_atencion|sucursales_viernes_horario_atencion|sucursales_sabado_horario_atencion|sucursales_domingo_horario_atencion
15|1|1|1 - VILLA DEL PARQUE|Autoservicio|CL BEIRO|3146|-34.5971373|-58.4976429||VILLA DEL PARQUE|00001419|CAPITAL FEDERAL|AR-C|8:00 a 22:00|8:00 a 22:00|8:00 a 22:00|8:00 a 22:00|8:00 a 22:00|8:00 a 22:00|8:00 a 22:00
15|1|3|3 - BALVANERA|Autoservicio|CL ENTRE RIOS|735|-34.6173202|-58.3916913||BALVANERA|00001080|CAPITAL FEDERAL|AR-C|8:00 a 22:00|8:00 a 22:00|8:00 a 22:00|8:00 a 22:00|8:00 a 22:00|8:00 a 22:00|8:00 a 22:00
15|1|4|4 - PARQUE PATRICIOS|Autoservicio|CL CASEROS|2938|-34.6369605|-58.4045551||PARQUE PATRICIOS|00001264|CAPITAL FEDERAL|AR-C|8:00 a 22:00|8:00 a 22:00|8:00 a 22:00|8:00 a 22:00|8:00 a 22:00|8:00 a 22:00|8:00 a 22:00
15|1|5|5 - SAN CRISTÓBAL|Autoservicio|AV SAN JUAN|2641|-34.6236734|-58.4014697||SAN CRISTÓBAL|00001232|CAPITAL FEDERAL|AR-C|8:00 a 22:00|8:00 a 22:00|8:00 a 22:00|8:00 a 22:00|8:00 a 22:00|8:00 a 22:00|8:00 a 22:00
15|1|6|6 - FLORES|Autoservicio|CL ARTIGAS|26|-34.6289482|-58.4642662||FLORES|00001406|CAPITAL FEDERAL|AR-C|8:00 a 22:00|8:00 a 22:00|8:00 a 22:00|8:00 a 22:00|8:00 a 22:00|8:00 a 22:00|8:00 a 22:00
15|1|7|7 - ALMAGRO|Autoservicio|AV CORRIENTES|4474|-34.6024774|-58.4281829||ALMAGRO|00001195|CAPITAL FEDERAL|AR-C|8:00 a 22:00|8:00 a 22:00|8:00 a 22:00|8:00 a 22:00|8:00 a 22:00|8:00 a 22:00|8:00 a 22:00
15|1|8|8 - VÉLEZ SÁRSFIELD|Autoservicio|AV RIVADAVIA|8875|-34.6355238|-58.4889911||VÉLEZ SÁRSFIELD|00001407|CAPITAL FEDERAL|AR-C|8:00 a 22:00|8:00 a 22:00|8:00 a 22:00|8:00 a 22:00|8:00 a 22:00|8:00 a 22:00|8:00 a 22:00
15|1|9|9 - CIUDADELA|Autoservicio|CL AV. RIVADAVIA|12646|-34.6402735|-58.5418243||CIUDADELA|00001702|BUENOS AIRES|AR-B|8:00 a 22:00|8:00 a 22:00|8:00 a 22:00|8:00 a 22:00|8:00 a 22:00|8:00 a 22:00|8:00 a 22:00
15|1|10|10 - CASEROS|Autoservicio|CL SAN MARTIN|2146|-34.601775|-58.5618167||CASEROS|00001678|BUENOS AIRES|AR-B|8:00 a 22:00|8:00 a 22:00|8:00 a 22:00|8:00 a 22:00|8:00 a 22:00|8:00 a 22:00|8:00 a 22:00
15|1|11|11 - LA BOCA|Autoservicio|CL 20 DE SEPTIEMBRE|341|-34.6298527|-58.3628499||LA BOCA|00001155|CAPITAL FEDERAL|AR-C|8:00 a 22:00|8:00 a 22:00|8:00 a 22:00|8:00 a 22:00|8:00 a 22:00|8:00 a 22:00|8:00 a 22:00
15|1|13|13 - FLORES|Autoservicio|CL AV. NAZCA|684|-34.6243386|-58.4725229||FLORES|00001406|CAPITAL FEDERAL|AR-C|8:00 a 22:00|8:00 a 22:00|8:00 a 22:00|8:00 a 22:00|8:00 a 22:00|8:00 a 22:00|8:00 a 22:00
15|1|14|14 - SAN MARTIN|Autoservicio|CL BELGRANO|3162|-34.5738643|-58.5326316||SAN MARTIN|00001650|BUENOS AIRES|AR-B|8:00 a 22:00|8:00 a 22:00|8:00 a 22:00|8:00 a 22:00|8:00 a 22:00|8:00 a 22:00|8:00 a 22:00
15|1|16|16 - CABALLITO|Autoservicio|CL AV. LA PLATA|564|-34.621573|-58.4278588||CABALLITO|00001235|CAPITAL FEDERAL|AR-C|8:00 a 22:00|8:00 a 22:00|8:00 a 22:00|8:00 a 22:00|8:00 a 22:00|8:00 a 22:00|8:00 a 22:00
15|1|19|19 - SAN JUSTO|Autoservicio|CL JUAN M.DE ROSAS|3634|-34.6830345|-58.5553009||SAN JUSTO|00001754|BUENOS AIRES|AR-B|8:00 a 22:00|8:00 a 22:00|8:00 a 22:00|8:00 a 22:00|8:00 a 22:00|8:00 a 22:00|8:00 a 22:00
15|1|20|20 - VERSALLES|Autoservicio|CL ALVAREZ JONTE|5240|-34.6235495|-58.5107956||VERSALLES|00001407|CAPITAL FEDERAL|AR-C|8:00 a 22:00|8:00 a 22:00|8:00 a 22:00|8:00 a 22:00|8:00 a 22:00|8:00 a 22:00|8:00 a 22:00
15|1|21|21 - LINIERS|Autoservicio|CL JOSE LEON SUAREZ|30|-34.6395755|-58.5276851||LINIERS|00001408|CAPITAL FEDERAL|AR-C|8:00 a 22:00|8:00 a 22:00|8:00 a 22:00|8:00 a 22:00|8:00 a 22:00|8:00 a 22:00|8:00 a 22:00
15|1|23|23 - RAFAEL CASTILLO|Autoservicio|CL SANTA CRUZ|1038|-34.6997046|-58.6247299||RAFAEL CASTILLO|00001755|BUENOS AIRES|AR-B|8:00 a 22:00|8:00 a 22:00|8:00 a 22:00|8:00 a 22:00|8:00 a 22:00|8:00 a 22:00|8:00 a 22:00
15|1|24|24 - VILLA CRESPO|Autoservicio|CL AV.SAN MARTIN|2687|-34.6031233|-58.4637523||VILLA CRESPO|00001416|CAPITAL FEDERAL|AR-C|8:00 a 22:00|8:00 a 22:00|8:00 a 22:00|8:00 a 22:00|8:00 a 22:00|8:00 a 22:00|8:00 a 22:00
15|1|25|25 - BERNAL|Autoservicio|CL BELGRANO|388|-34.7116294|-58.2820677||BERNAL|00001876|BUENOS AIRES|AR-B|8:00 a 22:00|8:00 a 22:00|8:00 a 22:00|8:00 a 22:00|8:00 a 22:00|8:00 a 22:00|8:00 a 22:00
15|1|26|26 - LANUS|Autoservicio|CLSAN VLADIMIRO|3165|-34.7073674|-58.4181855||LANUS|00001824|BUENOS AIRES|AR-B|8:00 a 22:00|8:00 a 22:00|8:00 a 22:00|8:00 a 22:00|8:00 a 22:00|8:00 a 22:00|8:00 a 22:00
15|1|27|27 - FLORESTA|Autoservicio|AV RIVADAVIA|7850|-34.6322172|-58.4751124||FLORESTA|00001407|CAPITAL FEDERAL|AR-C|8:00 a 22:00|8:00 a 22:00|8:00 a 22:00|8:00 a 22:00|8:00 a 22:00|8:00 a 22:00|8:00 a 22:00
15|1|28|28 - MERLO|Autoservicio|CL AV. SAN MARTIN|2971|-34.6866773|-58.7318454||MERLO|00001722|BUENOS AIRES|AR-B|8:00 a 22:00|8:00 a 22:00|8:00 a 22:00|8:00 a 22:00|8:00 a 22:00|8:00 a 22:00|8:00 a 22:00
15|1|29|29 - BOEDO|Autoservicio|CL ASAMBLEA|968|-34.6351629|-58.4383403||BOEDO|00001424|CAPITAL FEDERAL|AR-C|8:00 a 22:00|8:00 a 22:00|8:00 a 22:00|8:00 a 22:00|8:00 a 22:00|8:00 a 22:00|8:00 a 22:00
15|1|30|30 - HAEDO|Autoservicio|CL RIVADAVIA|16275|-34.6460108|-58.5929389||HAEDO|00001706|BUENOS AIRES|AR-B|8:00 a 22:00|8:00 a 22:00|8:00 a 22:00|8:00 a 22:00|8:00 a 22:00|8:00 a 22:00|8:00 a 22:00
15|1|31|31 - VILLA PUEYRREDÓN|Autoservicio|CL ARTIGAS|4746|-34.5831225|-58.4980504||VILLA PUEYRREDÓN|00001419|CAPITAL FEDERAL|AR-C|8:00 a 22:00|8:00 a 22:00|8:00 a 22:00|8:00 a 22:00|8:00 a 22:00|8:00 a 22:00|8:00 a 22:00
15|1|32|32 - VILLA RIACHUELO|Autoservicio|CL CHILAVERT|6570|-34.6871711|-58.4769857||VILLA RIACHUELO|00001439|CAPITAL FEDERAL|AR-C|8:00 a 22:00|8:00 a 22:00|8:00 a 22:00|8:00 a 22:00|8:00 a 22:00|8:00 a 22:00|8:00 a 22:00
15|1|33|33 - LA BOCA|Autoservicio|CL SUAREZ|495|-34.6358731|-58.3603133||LA BOCA|00001162|CAPITAL FEDERAL|AR-C|8:00 a 22:00|8:00 a 22:00|8:00 a 22:00|8:00 a 22:00|8:00 a 22:00|8:00 a 22:00|8:00 a 22:00
15|1|35|35 - BOEDO|Autoservicio|CL BOEDO|875|-34.6235872|-58.4162756||BOEDO|00001218|CAPITAL FEDERAL|AR-C|8:00 a 22:00|8:00 a 22:00|8:00 a 22:00|8:00 a 22:00|8:00 a 22:00|8:00 a 22:00|8:00 a 22:00
15|1|36|36 - BOEDO|Autoservicio|CL JOSE MARIA MORENO|779|-34.627766|-58.4338966||BOEDO|00001424|CAPITAL FEDERAL|AR-C|8:00 a 22:00|8:00 a 22:00|8:00 a 22:00|8:00 a 22:00|8:00 a 22:00|8:00 a 22:00|8:00 a 22:00
15|1|37|37 - OLIVOS|Autoservicio|CL RAWSON|3773|-34.4978183|-58.4892685||OLIVOS|00001636|BUENOS AIRES|AR-B|8:00 a 22:00|8:00 a 22:00|8:00 a 22:00|8:00 a 22:00|8:00 a 22:00|8:00 a 22:00|8:00 a 22:00
15|1|39|39 - CAÑUELAS|Autoservicio|CL RIVADAVIA|800|-35.0530892|-58.7606411||CAÑUELAS|00001814|BUENOS AIRES|AR-B|8:00 a 22:00|8:00 a 22:00|8:00 a 22:00|8:00 a 22:00|8:00 a 22:00|8:00 a 22:00|8:00 a 22:00
15|1|40|40 - EZEIZA|Autoservicio|CL GUILLERMO GADDINI|109|-34.891004|-58.566485||EZEIZA|00001806|BUENOS AIRES|AR-B|8:00 a 22:00|8:00 a 22:00|8:00 a 22:00|8:00 a 22:00|8:00 a 22:00|8:00 a 22:00|8:00 a 22:00
15|1|41|41 - BERISSO|Autoservicio|CL MONTEVIDEO|1020|-34.8702073|-57.8808734||BERISSO|00001923|BUENOS AIRES|AR-B|8:00 a 22:00|8:00 a 22:00|8:00 a 22:00|8:00 a 22:00|8:00 a 22:00|8:00 a 22:00|8:00 a 22:00
15|1|42|42 - VERSALLES|Autoservicio|CL ALVAREZ JONTE|4471|-34.6178053|-58.5020885||VERSALLES|00001407|CAPITAL FEDERAL|AR-C|8:00 a 22:00|8:00 a 22:00|8:00 a 22:00|8:00 a 22:00|8:00 a 22:00|8:00 a 22:00|8:00 a 22:00
15|1|43|43 - BERISSO|Autoservicio|CL MONTEVIDEO|2181|-34.8742082|-57.8678337||BERISSO|00001923|BUENOS AIRES|AR-B|8:00 a 22:00|8:00 a 22:00|8:00 a 22:00|8:00 a 22:00|8:00 a 22:00|8:00 a 22:00|8:00 a 22:00
15|1|44|44 - LOMAS DEL MIRADOR|Autoservicio|CL BRI.GRL DON J.M.DE ROSAS|945|-34.6673153|-58.5306422||LOMAS DEL MIRADOR|00001752|BUENOS AIRES|AR-B|8:00 a 22:00|8:00 a 22:00|8:00 a 22:00|8:00 a 22:00|8:00 a 22:00|8:00 a 22:00|8:00 a 22:00
15|1|45|45 - MATADEROS|Autoservicio|CL LISANDRO DE LA TORRE|1151|-34.650879|-58.5153128||MATADEROS|00001408|CAPITAL FEDERAL|AR-C|8:00 a 22:00|8:00 a 22:00|8:00 a 22:00|8:00 a 22:00|8:00 a 22:00|8:00 a 22:00|8:00 a 22:00
15|1|46|46 - MATADEROS|Autoservicio|CL JUAN BAUTISTA ALBERDI|5925|-34.6524097|-58.5033599||MATADEROS|00001440|CAPITAL FEDERAL|AR-C|8:00 a 22:00|8:00 a 22:00|8:00 a 22:00|8:00 a 22:00|8:00 a 22:00|8:00 a 22:00|8:00 a 22:00
15|1|47|47 - VILLA LUGANO|Autoservicio|CL SOMELLERA|5663|-34.6760405|-58.47618||VILLA LUGANO|00001439|CAPITAL FEDERAL|AR-C|8:00 a 22:00|8:00 a 22:00|8:00 a 22:00|8:00 a 22:00|8:00 a 22:00|8:00 a 22:00|8:00 a 22:00
15|1|48|48 - LUJAN|Autoservicio|CL HUMBERTO PRIMERO|1000|-34.567026|-59.111166||LUJAN|00006700|BUENOS AIRES|AR-B|8:00 a 22:00|8:00 a 22:00|8:00 a 22:00|8:00 a 22:00|8:00 a 22:00|8:00 a 22:00|8:00 a 22:00
15|1|49|49 - VILLA SANTA RITA|Autoservicio|CL EMILIO LAMARCA|1965|-34.6140308|-58.4929315||VILLA SANTA RITA|00001407|CAPITAL FEDERAL|AR-C|8:00 a 22:00|8:00 a 22:00|8:00 a 22:00|8:00 a 22:00|8:00 a 22:00|8:00 a 22:00|8:00 a 22:00
15|1|50|50 - VILLA SANTA RITA|Autoservicio|CL NAZCA|1663|-34.6147863|-58.4787121||VILLA SANTA RITA|00001416|CAPITAL FEDERAL|AR-C|8:00 a 22:00|8:00 a 22:00|8:00 a 22:00|8:00 a 22:00|8:00 a 22:00|8:00 a 22:00|8:00 a 22:00
15|1|51|51 - BANFIELD|Autoservicio|CL MAIPU|148|-34.7431662|-58.3939275||BANFIELD|00001828|BUENOS AIRES|AR-B|8:00 a 22:00|8:00 a 22:00|8:00 a 22:00|8:00 a 22:00|8:00 a 22:00|8:00 a 22:00|8:00 a 22:00
15|1|52|52 - VILLA CRESPO|Autoservicio|CL SAN MARTIN|1732|-34.6058424|-58.4533825||VILLA CRESPO|00001416|CAPITAL FEDERAL|AR-C|8:00 a 22:00|8:00 a 22:00|8:00 a 22:00|8:00 a 22:00|8:00 a 22:00|8:00 a 22:00|8:00 a 22:00
15|1|53|53 - VILLA LUZURIAGA|Autoservicio|CL CRISTIANIA|1507|-34.6927276|-58.6077235||VILLA LUZURIAGA|00001755|BUENOS AIRES|AR-B|8:00 a 22:00|8:00 a 22:00|8:00 a 22:00|8:00 a 22:00|8:00 a 22:00|8:00 a 22:00|8:00 a 22:00
15|1|54|54 - GONZALEZ CATAN|Autoservicio|CL JOSE MARIA MORENO|400|-34.7693634|-58.6451543||GONZALEZ CATAN|00001759|BUENOS AIRES|AR-B|8:00 a 22:00|8:00 a 22:00|8:00 a 22:00|8:00 a 22:00|8:00 a 22:00|8:00 a 22:00|8:00 a 22:00
15|1|55|55 - ENSENADA|Autoservicio|CL LA MERCED|220|-34.860558|-57.9032607||ENSENADA|00001925|BUENOS AIRES|AR-B|8:00 a 22:00|8:00 a 22:00|8:00 a 22:00|8:00 a 22:00|8:00 a 22:00|8:00 a 22:00|8:00 a 22:00
15|1|56|56 - VILLA LURO|Autoservicio|CL JUAN B. ALBERDI|4730|-34.6436537|-58.4927124||VILLA LURO|00001407|CAPITAL FEDERAL|AR-C|8:00 a 22:00|8:00 a 22:00|8:00 a 22:00|8:00 a 22:00|8:00 a 22:00|8:00 a 22:00|8:00 a 22:00
15|1|57|57 - FLORIDA|Autoservicio|CL GRAL DE SAN MARTIN|3800|-34.5376215|-58.5117145||FLORIDA|00001602|BUENOS AIRES|AR-B|8:00 a 22:00|8:00 a 22:00|8:00 a 22:00|8:00 a 22:00|8:00 a 22:00|8:00 a 22:00|8:00 a 22:00
15|1|58|58 - BALVANERA|Autoservicio|CL LA RIOJA|465|-34.615999|-58.408296||BALVANERA|00001214|CAPITAL FEDERAL|AR-C|8:00 a 22:00|8:00 a 22:00|8:00 a 22:00|8:00 a 22:00|8:00 a 22:00|8:00 a 22:00|8:00 a 22:00
15|1|59|59 - SAN FRANCISCO SOLANO|Autoservicio|CL JOSE ANDRES LOPEZ|2346|-34.7793172|-58.3102963||SAN FRANCISCO SOLANO|00001881|BUENOS AIRES|AR-B|8:00 a 22:00|8:00 a 22:00|8:00 a 22:00|8:00 a 22:00|8:00 a 22:00|8:00 a 22:00|8:00 a 22:00
15|1|60|60 - FLORESTA|Autoservicio|CL SEGUROLA|1178|-34.6248959|-58.4938555||FLORESTA|00001407|CAPITAL FEDERAL|AR-C|8:00 a 22:00|8:00 a 22:00|8:00 a 22:00|8:00 a 22:00|8:00 a 22:00|8:00 a 22:00|8:00 a 22:00
15|1|61|61 - LOMA HERMOSA|Autoservicio|AV EVA PERON|9735|-34.562834|-58.6101726||LOMA HERMOSA|00001657|BUENOS AIRES|AR-B|8:00 a 22:00|8:00 a 22:00|8:00 a 22:00|8:00 a 22:00|8:00 a 22:00|8:00 a 22:00|8:00 a 22:00
15|1|62|62 - MONTE GRANDE|Autoservicio|CL VICENTE LOPEZ|473|-34.8198093|-58.4673986||MONTE GRANDE|00001842|BUENOS AIRES|AR-B|8:00 a 22:00|8:00 a 22:00|8:00 a 22:00|8:00 a 22:00|8:00 a 22:00|8:00 a 22:00|8:00 a 22:00
15|1|63|63 - LAFERRERE|Autoservicio|CL MAGNASCO|3147|-34.7482106|-58.5884615||LAFERRERE|00001757|BUENOS AIRES|AR-B|8:00 a 22:00|8:00 a 22:00|8:00 a 22:00|8:00 a 22:00|8:00 a 22:00|8:00 a 22:00|8:00 a 22:00
15|1|64|64 - MERLO|Autoservicio|CL HIPOLITO IRIGOYEN|357|-34.6612587|-58.7263109||MERLO|00001722|BUENOS AIRES|AR-B|8:00 a 22:00|8:00 a 22:00|8:00 a 22:00|8:00 a 22:00|8:00 a 22:00|8:00 a 22:00|8:00 a 22:00
15|1|65|65 - VILLA URQUIZA|Autoservicio|CL TRIUNVIRATO|3981|-34.5795557|-58.4770438||VILLA URQUIZA|00001431|CAPITAL FEDERAL|AR-C|8:00 a 22:00|8:00 a 22:00|8:00 a 22:00|8:00 a 22:00|8:00 a 22:00|8:00 a 22:00|8:00 a 22:00
15|1|66|66 - TORTUGUITAS|Autoservicio|CL LUIS MARIA DRAGO|238|-34.47267|-58.762683||TORTUGUITAS|00001667|BUENOS AIRES|AR-B|8:00 a 22:00|8:00 a 22:00|8:00 a 22:00|8:00 a 22:00|8:00 a 22:00|8:00 a 22:00|8:00 a 22:00
15|1|67|67 - ALMIRANTE BROWN|Autoservicio|CL SALTA|957|-34.7693312|-58.3556143||ALMIRANTE BROWN|00001846|BUENOS AIRES|AR-B|8:00 a 22:00|8:00 a 22:00|8:00 a 22:00|8:00 a 22:00|8:00 a 22:00|8:00 a 22:00|8:00 a 22:00
15|1|68|68 - EL PALOMAR|Autoservicio|CL CAP.CLAUDIO ROSALES|1549|-34.6307077|-58.5897402||EL PALOMAR|00001708|BUENOS AIRES|AR-B|8:00 a 22:00|8:00 a 22:00|8:00 a 22:00|8:00 a 22:00|8:00 a 22:00|8:00 a 22:00|8:00 a 22:00
15|1|69|69 - PALERMO|Autoservicio|CL SARMIENTO|3978|-34.6049604|-58.4208375||PALERMO|00001197|CAPITAL FEDERAL|AR-C|8:00 a 22:00|8:00 a 22:00|8:00 a 22:00|8:00 a 22:00|8:00 a 22:00|8:00 a 22:00|8:00 a 22:00
15|1|70|70 - RAFAEL CASTILLO|Autoservicio|CL CALDERON DE LA BARCA|4948|-34.754677|-58.613909||RAFAEL CASTILLO|00001755|BUENOS AIRES|AR-B|8:00 a 22:00|8:00 a 22:00|8:00 a 22:00|8:00 a 22:00|8:00 a 22:00|8:00 a 22:00|8:00 a 22:00
15|1|71|71 - ALDO BONZI|Autoservicio|CL JOSE ALICO|969|-34.7073192|-58.5165375||ALDO BONZI|00001770|BUENOS AIRES|AR-B|8:00 a 22:00|8:00 a 22:00|8:00 a 22:00|8:00 a 22:00|8:00 a 22:00|8:00 a 22:00|8:00 a 22:00
15|1|73|73 - BERAZATEGUI|Autoservicio|CL HEROES DE MALVINA|2839|-34.8097369|-58.1872598||BERAZATEGUI|00001885|BUENOS AIRES|AR-B|8:00 a 22:00|8:00 a 22:00|8:00 a 22:00|8:00 a 22:00|8:00 a 22:00|8:00 a 22:00|8:00 a 22:00
15|1|74|74 - FLORENCIO VARELA|Autoservicio|CL EL ALJIBE|700|-34.8068123|-58.301815||FLORENCIO VARELA|00001888|BUENOS AIRES|AR-B|8:00 a 22:00|8:00 a 22:00|8:00 a 22:00|8:00 a 22:00|8:00 a 22:00|8:00 a 22:00|8:00 a 22:00
15|1|75|75 - VILLA SOLDATI|Autoservicio|CL MARIANO ACOSTA|3552|-34.6653764|-58.4427103||VILLA SOLDATI|00001437|CAPITAL FEDERAL|AR-C|8:00 a 22:00|8:00 a 22:00|8:00 a 22:00|8:00 a 22:00|8:00 a 22:00|8:00 a 22:00|8:00 a 22:00
15|1|76|76 - VIRREY DEL PINO|Autoservicio|CL RIO DE LA PLATA|7431|-34.8119282|-58.6347284||VIRREY DEL PINO|00001759|BUENOS AIRES|AR-B|8:00 a 22:00|8:00 a 22:00|8:00 a 22:00|8:00 a 22:00|8:00 a 22:00|8:00 a 22:00|8:00 a 22:00
15|1|77|77 - SAN MARTIN|Autoservicio|CL PRIMERA JUNTA|5800|-34.5744356|-58.5744848||SAN MARTIN|00001650|BUENOS AIRES|AR-B|8:00 a 22:00|8:00 a 22:00|8:00 a 22:00|8:00 a 22:00|8:00 a 22:00|8:00 a 22:00|8:00 a 22:00
15|1|78|78 - EL JAGUEL PDO ESTEB ECHE|Autoservicio|CL EVITA|354|-34.8338743|-58.4949847||EL JAGUEL PDO ESTEB ECHE|00001842|BUENOS AIRES|AR-B|8:00 a 22:00|8:00 a 22:00|8:00 a 22:00|8:00 a 22:00|8:00 a 22:00|8:00 a 22:00|8:00 a 22:00
15|1|79|79 - EZPELETA|Autoservicio|CL SAN MARTIN|5355|-34.7520628|-58.2343069||EZPELETA|00001882|BUENOS AIRES|AR-B|8:00 a 22:00|8:00 a 22:00|8:00 a 22:00|8:00 a 22:00|8:00 a 22:00|8:00 a 22:00|8:00 a 22:00
15|1|80|80 - EZEIZA|Autoservicio|CL FRENCH|202|-34.8519579|-58.5222721||EZEIZA|00001804|BUENOS AIRES|AR-B|8:00 a 22:00|8:00 a 22:00|8:00 a 22:00|8:00 a 22:00|8:00 a 22:00|8:00 a 22:00|8:00 a 22:00
15|1|81|81 - GARIN|Autoservicio|CL BELGRANO|664|-34.4195453|-58.7286033||GARIN|00001619|BUENOS AIRES|AR-B|8:00 a 22:00|8:00 a 22:00|8:00 a 22:00|8:00 a 22:00|8:00 a 22:00|8:00 a 22:00|8:00 a 22:00
15|1|82|82 - LANUS|Autoservicio|CL CORONEL BELTRAN|239|-34.7256805|-58.3981378||LANUS|00001826|BUENOS AIRES|AR-B|8:00 a 22:00|8:00 a 22:00|8:00 a 22:00|8:00 a 22:00|8:00 a 22:00|8:00 a 22:00|8:00 a 22:00
15|1|83|83 - CARLOS SPEGAZZINI|Autoservicio|CL 25 DE MAYO|151|-34.9105116|-58.5930473||CARLOS SPEGAZZINI|00001812|BUENOS AIRES|AR-B|8:00 a 22:00|8:00 a 22:00|8:00 a 22:00|8:00 a 22:00|8:00 a 22:00|8:00 a 22:00|8:00 a 22:00
15|1|84|84 - FLORIDA|Autoservicio|CL SAN MARTIN|2269|-34.5286128|-58.4931423||FLORIDA|00001602|BUENOS AIRES|AR-B|8:00 a 22:00|8:00 a 22:00|8:00 a 22:00|8:00 a 22:00|8:00 a 22:00|8:00 a 22:00|8:00 a 22:00
15|1|85|85 - VILLA SOLDATI|Autoservicio|CL CASTAÑARES|4944|-34.6674682|-58.4734538||VILLA SOLDATI|00001439|CAPITAL FEDERAL|AR-C|8:00 a 22:00|8:00 a 22:00|8:00 a 22:00|8:00 a 22:00|8:00 a 22:00|8:00 a 22:00|8:00 a 22:00
15|1|87|87 - JOSE LEON SUAREZ|Autoservicio|CL PACIFICO RODRIGUEZ|7270|-34.532479|-58.575497||JOSE LEON SUAREZ|00001655|BUENOS AIRES|AR-B|8:00 a 22:00|8:00 a 22:00|8:00 a 22:00|8:00 a 22:00|8:00 a 22:00|8:00 a 22:00|8:00 a 22:00
15|1|88|88 - RAFAEL CASTILLO|Autoservicio|CL SOLDADO SOSA|5460|-34.73492|-58.5853229||RAFAEL CASTILLO|00001757|BUENOS AIRES|AR-B|8:00 a 22:00|8:00 a 22:00|8:00 a 22:00|8:00 a 22:00|8:00 a 22:00|8:00 a 22:00|8:00 a 22:00
15|1|89|89 - ALBERTI|Autoservicio|CL HIP.IRIGOYEN|465|-34.46141|-58.775516||ALBERTI|00001667|BUENOS AIRES|AR-B|8:00 a 22:00|8:00 a 22:00|8:00 a 22:00|8:00 a 22:00|8:00 a 22:00|8:00 a 22:00|8:00 a 22:00
15|1|90|90 - VILLA CRESPO|Autoservicio|CL HIDALGO|860|-34.6089665|-58.4414318||VILLA CRESPO|00001405|CAPITAL FEDERAL|AR-C|8:00 a 22:00|8:00 a 22:00|8:00 a 22:00|8:00 a 22:00|8:00 a 22:00|8:00 a 22:00|8:00 a 22:00
15|1|91|91 - VILLA LURO|Autoservicio|CL RIVADAVIA|9650|-34.6375385|-58.5001704||VILLA LURO|00001407|CAPITAL FEDERAL|AR-C|8:00 a 22:00|8:00 a 22:00|8:00 a 22:00|8:00 a 22:00|8:00 a 22:00|8:00 a 22:00|8:00 a 22:00
15|1|93|93 - FLORENCIO VARELA|Autoservicio|CL LUJAN ESQ. OLAVARRIA|2002|-34.829305|-58.228639||FLORENCIO VARELA|00001889|BUENOS AIRES|AR-B|8:00 a 22:00|8:00 a 22:00|8:00 a 22:00|8:00 a 22:00|8:00 a 22:00|8:00 a 22:00|8:00 a 22:00
15|1|96|96 - ALEJANDRO KORN|Autoservicio|CL BOULEV DE MAYO Y AV MITRE|4138|-34.984291|-58.376123||ALEJANDRO KORN|00001864|BUENOS AIRES|AR-B|8:00 a 22:00|8:00 a 22:00|8:00 a 22:00|8:00 a 22:00|8:00 a 22:00|8:00 a 22:00|8:00 a 22:00
15|1|98|98 - MORON|Autoservicio|CL INDEPENDENCIA|173|-34.6467621|-58.6184887||MORON|00001708|BUENOS AIRES|AR-B|8:00 a 22:00|8:00 a 22:00|8:00 a 22:00|8:00 a 22:00|8:00 a 22:00|8:00 a 22:00|8:00 a 22:00
15|1|99|99 - PASO DEL REY|Autoservicio|CL S.M. DEL CARRIL Y RUTA 7|169|-34.65598|-58.762382||PASO DEL REY|00001742|BUENOS AIRES|AR-B|8:00 a 22:00|8:00 a 22:00|8:00 a 22:00|8:00 a 22:00|8:00 a 22:00|8:00 a 22:00|8:00 a 22:00
15|1|100|100 - VILLA ADELINA|Autoservicio|AV PARANA|6370|-34.5247293|-58.5473185||VILLA ADELINA|00001607|BUENOS AIRES|AR-B|8:00 a 22:00|8:00 a 22:00|8:00 a 22:00|8:00 a 22:00|8:00 a 22:00|8:00 a 22:00|8:00 a 22:00
15|1|101|101 - DON TORCUATO|Autoservicio|AV A.T.ALVEAR|822|-34.4982986|-58.6389961||DON TORCUATO|00001611|BUENOS AIRES|AR-B|8:00 a 22:00|8:00 a 22:00|8:00 a 22:00|8:00 a 22:00|8:00 a 22:00|8:00 a 22:00|8:00 a 22:00
15|1|102|102 - SAN MIGUEL|Autoservicio|CL Av.PRIMERA JUNTA|952|-34.5317321|-58.7221086||SAN MIGUEL|00001663|BUENOS AIRES|AR-B|8:00 a 22:00|8:00 a 22:00|8:00 a 22:00|8:00 a 22:00|8:00 a 22:00|8:00 a 22:00|8:00 a 22:00
15|1|103|103 - OLIVOS|Autoservicio|CL GOBERNADOR UGARTE|2450|-34.5185576|-58.5005836||OLIVOS|00001636|BUENOS AIRES|AR-B|8:00 a 22:00|8:00 a 22:00|8:00 a 22:00|8:00 a 22:00|8:00 a 22:00|8:00 a 22:00|8:00 a 22:00
15|1|105|105 - VILLA LYNCH|Autoservicio|CL 1° DE MAYO|6045|-34.5911652|-58.5591593||VILLA LYNCH|00001650|BUENOS AIRES|AR-B|8:00 a 22:00|8:00 a 22:00|8:00 a 22:00|8:00 a 22:00|8:00 a 22:00|8:00 a 22:00|8:00 a 22:00
15|1|106|106 - VILLA BALLESTER|Autoservicio|CL 9 DE JULIO|5300|-34.5582314|-58.5699744||VILLA BALLESTER|00001653|BUENOS AIRES|AR-B|8:00 a 22:00|8:00 a 22:00|8:00 a 22:00|8:00 a 22:00|8:00 a 22:00|8:00 a 22:00|8:00 a 22:00
15|1|107|107 - LUIS GUILLON|Autoservicio|CL VARISCO|1652|-34.8032345|-58.4494122||LUIS GUILLON|00001838|BUENOS AIRES|AR-B|8:00 a 22:00|8:00 a 22:00|8:00 a 22:00|8:00 a 22:00|8:00 a 22:00|8:00 a 22:00|8:00 a 22:00
15|1|108|108 - VILLA URQUIZA|Autoservicio|AV MONROE|4278|-34.5694121|-58.477915||VILLA URQUIZA|00001430|CAPITAL FEDERAL|AR-C|8:00 a 22:00|8:00 a 22:00|8:00 a 22:00|8:00 a 22:00|8:00 a 22:00|8:00 a 22:00|8:00 a 22:00
15|1|109|109 - NÚÑEZ|Autoservicio|CL MANUELA PEDRAZA|2152|-34.5500853|-58.463929||NÚÑEZ|00001429|CAPITAL FEDERAL|AR-C|8:00 a 22:00|8:00 a 22:00|8:00 a 22:00|8:00 a 22:00|8:00 a 22:00|8:00 a 22:00|8:00 a 22:00
15|1|110|110 - TRUJUI|Autoservicio|AV ROCA|3729|-34.5856526|-58.747632||TRUJUI|00001664|BUENOS AIRES|AR-B|8:00 a 22:00|8:00 a 22:00|8:00 a 22:00|8:00 a 22:00|8:00 a 22:00|8:00 a 22:00|8:00 a 22:00
15|1|111|111 - NÚÑEZ|Autoservicio|AV CABILDO|4625|-34.542076|-58.4733624||NÚÑEZ|00001429|CAPITAL FEDERAL|AR-C|8:00 a 22:00|8:00 a 22:00|8:00 a 22:00|8:00 a 22:00|8:00 a 22:00|8:00 a 22:00|8:00 a 22:00
15|1|115|115 - CHACARITA|Autoservicio|AV CORRIENTES|6180|-34.5918835|-58.4474593||CHACARITA|00001414|CAPITAL FEDERAL|AR-C|8:00 a 22:00|8:00 a 22:00|8:00 a 22:00|8:00 a 22:00|8:00 a 22:00|8:00 a 22:00|8:00 a 22:00
15|1|116|116 - INGENIERO MASCHWITZ|Autoservicio|AV VILLANUEVA|1545|-34.391595|-58.738736||INGENIERO MASCHWITZ|00001623|BUENOS AIRES|AR-B|8:00 a 22:00|8:00 a 22:00|8:00 a 22:00|8:00 a 22:00|8:00 a 22:00|8:00 a 22:00|8:00 a 22:00
15|1|117|117 - VILLA URQUIZA|Autoservicio|AV TRIUNVIRATO|5480|-34.5685513|-58.4928642||VILLA URQUIZA|00001431|CAPITAL FEDERAL|AR-C|8:00 a 22:00|8:00 a 22:00|8:00 a 22:00|8:00 a 22:00|8:00 a 22:00|8:00 a 22:00|8:00 a 22:00
15|1|118|118 - BURZACO|Autoservicio|CL E.BURZACO|682|-34.826231|-58.393707||BURZACO|00001852|BUENOS AIRES|AR-B|8:00 a 22:00|8:00 a 22:00|8:00 a 22:00|8:00 a 22:00|8:00 a 22:00|8:00 a 22:00|8:00 a 22:00
15|1|119|119 - LOS POLVORINES|Autoservicio|CL GRAL.SAN MARTIN|2669|-34.499386|-58.69522||LOS POLVORINES|00001613|BUENOS AIRES|AR-B|8:00 a 22:00|8:00 a 22:00|8:00 a 22:00|8:00 a 22:00|8:00 a 22:00|8:00 a 22:00|8:00 a 22:00
15|1|120|120 - ISIDRO CASANOVA|Autoservicio|CL CRISTIANIA|5843|-34.7208867|-58.57033||ISIDRO CASANOVA|00001765|BUENOS AIRES|AR-B|8:00 a 22:00|8:00 a 22:00|8:00 a 22:00|8:00 a 22:00|8:00 a 22:00|8:00 a 22:00|8:00 a 22:00
15|1|122|122 - LANUS|Autoservicio|CL 29 DE SEPTIEMBRE|1866|-34.7064894|-58.3900009||LANUS|00001824|BUENOS AIRES|AR-B|8:00 a 22:00|8:00 a 22:00|8:00 a 22:00|8:00 a 22:00|8:00 a 22:00|8:00 a 22:00|8:00 a 22:00
15|1|123|123 - BERAZATEGUI|Autoservicio|AV MITRE|2101|-34.7652851|-58.1979191||BERAZATEGUI|00001884|BUENOS AIRES|AR-B|8:00 a 22:00|8:00 a 22:00|8:00 a 22:00|8:00 a 22:00|8:00 a 22:00|8:00 a 22:00|8:00 a 22:00
15|1|124|124 - BOEDO|Autoservicio|AV SAN JUAN|3153|-34.6247055|-58.4097384||BOEDO|00001233|CAPITAL FEDERAL|AR-C|8:00 a 22:00|8:00 a 22:00|8:00 a 22:00|8:00 a 22:00|8:00 a 22:00|8:00 a 22:00|8:00 a 22:00
15|1|125|125 - TIGRE|Autoservicio|CL MARCOS SASTRE|2763|-34.4574987|-58.6816499||TIGRE|00001618|BUENOS AIRES|AR-B|8:00 a 22:00|8:00 a 22:00|8:00 a 22:00|8:00 a 22:00|8:00 a 22:00|8:00 a 22:00|8:00 a 22:00
15|1|126|126 - 9 DE ABRIL|Autoservicio|CL OLIVER|958|-34.7803362|-58.4791516||9 DE ABRIL|00001776|BUENOS AIRES|AR-B|8:00 a 22:00|8:00 a 22:00|8:00 a 22:00|8:00 a 22:00|8:00 a 22:00|8:00 a 22:00|8:00 a 22:00
15|1|127|127 - LANUS|Autoservicio|AV EVA PERON|2567|-34.7146631|-58.3722024||LANUS|00001824|BUENOS AIRES|AR-B|8:00 a 22:00|8:00 a 22:00|8:00 a 22:00|8:00 a 22:00|8:00 a 22:00|8:00 a 22:00|8:00 a 22:00
15|1|128|128 - LANUS|Autoservicio|CL PTE J. D. PERON|3241|-34.6699182|-58.4111022||LANUS|00001822|BUENOS AIRES|AR-B|8:00 a 22:00|8:00 a 22:00|8:00 a 22:00|8:00 a 22:00|8:00 a 22:00|8:00 a 22:00|8:00 a 22:00
15|1|129|129 - LA REJA|Autoservicio|CL PASTORINI|2009|-34.6375809|-58.8281784||LA REJA|00001744|BUENOS AIRES|AR-B|8:00 a 22:00|8:00 a 22:00|8:00 a 22:00|8:00 a 22:00|8:00 a 22:00|8:00 a 22:00|8:00 a 22:00
15|1|130|130 - CIUDADELA|Autoservicio|CL MT ALVEAR|3200|-34.6182294|-58.5442501||CIUDADELA|00001702|BUENOS AIRES|AR-B|8:00 a 22:00|8:00 a 22:00|8:00 a 22:00|8:00 a 22:00|8:00 a 22:00|8:00 a 22:00|8:00 a 22:00
15|1|131|131 - LLAVALLOL|Autoservicio|AV ANTARTIDA ARGENTINA|1660|-34.798211|-58.4252917||LLAVALLOL|00001836|BUENOS AIRES|AR-B|8:00 a 22:00|8:00 a 22:00|8:00 a 22:00|8:00 a 22:00|8:00 a 22:00|8:00 a 22:00|8:00 a 22:00
15|1|132|132 - ADOLFO SOURDEAUX|Autoservicio|CL PRESIDENTE DERQUI|1164|-34.504514|-58.6671114||ADOLFO SOURDEAUX|00001612|BUENOS AIRES|AR-B|8:00 a 22:00|8:00 a 22:00|8:00 a 22:00|8:00 a 22:00|8:00 a 22:00|8:00 a 22:00|8:00 a 22:00
15|1|133|133 - FLORES|Autoservicio|AV EVA PERON|3729|-34.6463432|-58.4673468||FLORES|00001407|CAPITAL FEDERAL|AR-C|8:00 a 22:00|8:00 a 22:00|8:00 a 22:00|8:00 a 22:00|8:00 a 22:00|8:00 a 22:00|8:00 a 22:00
15|1|134|134 - BELLA VISTA|Autoservicio|CL SENADOR MORON|1480|-34.5652775|-58.6842989||BELLA VISTA|00001661|BUENOS AIRES|AR-B|8:00 a 22:00|8:00 a 22:00|8:00 a 22:00|8:00 a 22:00|8:00 a 22:00|8:00 a 22:00|8:00 a 22:00
15|1|136|136 - VILLA LURO|Autoservicio|AV DIRECTORIO|4724|-34.6486865|-58.4884177||VILLA LURO|00001407|CAPITAL FEDERAL|AR-C|8:00 a 22:00|8:00 a 22:00|8:00 a 22:00|8:00 a 22:00|8:00 a 22:00|8:00 a 22:00|8:00 a 22:00
15|1|138|138 - GRAL PACHECO|Autoservicio|CL HIPOLITO YRIGOYEN|543|-34.4578272|-58.6298689||GRAL PACHECO|00001617|BUENOS AIRES|AR-B|8:00 a 22:00|8:00 a 22:00|8:00 a 22:00|8:00 a 22:00|8:00 a 22:00|8:00 a 22:00|8:00 a 22:00
15|1|139|139 - VILLA BALLESTER|Autoservicio|CL PUEYRREDON|2663|-34.5504223|-58.5525115||VILLA BALLESTER|00001653|BUENOS AIRES|AR-B|8:00 a 22:00|8:00 a 22:00|8:00 a 22:00|8:00 a 22:00|8:00 a 22:00|8:00 a 22:00|8:00 a 22:00
15|1|140|140 - VILLA MADERO|Autoservicio|AV CROVARA|969|-34.6798995|-58.5108719||VILLA MADERO|00001752|BUENOS AIRES|AR-B|8:00 a 22:00|8:00 a 22:00|8:00 a 22:00|8:00 a 22:00|8:00 a 22:00|8:00 a 22:00|8:00 a 22:00
15|1|141|141 - CLAYPOLE|Autoservicio|CL ALCORTA|1235|-34.8276381|-58.38449||CLAYPOLE|00001849|BUENOS AIRES|AR-B|8:00 a 22:00|8:00 a 22:00|8:00 a 22:00|8:00 a 22:00|8:00 a 22:00|8:00 a 22:00|8:00 a 22:00
15|1|142|142 - PARQUE PATRICIOS|Autoservicio|AV CASEROS|2068|-34.6344047|-58.3914525||PARQUE PATRICIOS|00001264|CAPITAL FEDERAL|AR-C|8:00 a 22:00|8:00 a 22:00|8:00 a 22:00|8:00 a 22:00|8:00 a 22:00|8:00 a 22:00|8:00 a 22:00
15|1|145|145 - GARIN|Autoservicio|CL FRUCTUOSO DIAZ E. MISTRAL|3700|-34.421868|-58.741774||GARIN|00001619|BUENOS AIRES|AR-B|8:00 a 22:00|8:00 a 22:00|8:00 a 22:00|8:00 a 22:00|8:00 a 22:00|8:00 a 22:00|8:00 a 22:00
15|1|146|146 - VICTORIA|Autoservicio|CL PTE PERON|3084|-34.4523413|-58.5395479||VICTORIA|00001646|BUENOS AIRES|AR-B|8:00 a 22:00|8:00 a 22:00|8:00 a 22:00|8:00 a 22:00|8:00 a 22:00|8:00 a 22:00|8:00 a 22:00
15|1|147|147 - VILLA BOSCH|Autoservicio|CL SANTOS VEGA|5848|-34.586783|-58.576382||VILLA BOSCH|00001682|BUENOS AIRES|AR-B|8:00 a 22:00|8:00 a 22:00|8:00 a 22:00|8:00 a 22:00|8:00 a 22:00|8:00 a 22:00|8:00 a 22:00
15|1|148|148 - CASEROS|Autoservicio|AV LIBERTADOR S. MARTIN|3360|-34.6131258|-58.5624903||CASEROS|00001678|BUENOS AIRES|AR-B|8:00 a 22:00|8:00 a 22:00|8:00 a 22:00|8:00 a 22:00|8:00 a 22:00|8:00 a 22:00|8:00 a 22:00
15|1|149|149 - BENAVIDEZ|Autoservicio|AV ALVEAR|2939|-34.4103806|-58.6863928||BENAVIDEZ|00001621|BUENOS AIRES|AR-B|8:00 a 22:00|8:00 a 22:00|8:00 a 22:00|8:00 a 22:00|8:00 a 22:00|8:00 a 22:00|8:00 a 22:00
15|1|150|150 - LANUS|Autoservicio|CL 25 DE MAYO|571|-34.7073388|-58.4000642||LANUS|00001824|BUENOS AIRES|AR-B|8:00 a 22:00|8:00 a 22:00|8:00 a 22:00|8:00 a 22:00|8:00 a 22:00|8:00 a 22:00|8:00 a 22:00
15|1|151|151 - VILLA BOSCH|Autoservicio|CL JOSE MARIA BOSCH|1336|-34.59312|-58.571361||VILLA BOSCH|00001682|BUENOS AIRES|AR-B|8:00 a 22:00|8:00 a 22:00|8:00 a 22:00|8:00 a 22:00|8:00 a 22:00|8:00 a 22:00|8:00 a 22:00
15|1|152|152 - LANUS|Autoservicio|CL BUSTAMANTE|678|-34.6887773|-58.3806075||LANUS|00001824|BUENOS AIRES|AR-B|8:00 a 22:00|8:00 a 22:00|8:00 a 22:00|8:00 a 22:00|8:00 a 22:00|8:00 a 22:00|8:00 a 22:00
15|1|154|154 - LONGCHAMPS|Autoservicio|CL RICARDO J DAVEL|1275|-34.8600505|-58.3849381||LONGCHAMPS|00001854|BUENOS AIRES|AR-B|8:00 a 22:00|8:00 a 22:00|8:00 a 22:00|8:00 a 22:00|8:00 a 22:00|8:00 a 22:00|8:00 a 22:00
15|1|155|155 - LANUS|Autoservicio|CL EVA PERON|3349|-34.7212849|-58.3629215||LANUS|00001824|BUENOS AIRES|AR-B|8:00 a 22:00|8:00 a 22:00|8:00 a 22:00|8:00 a 22:00|8:00 a 22:00|8:00 a 22:00|8:00 a 22:00
15|1|156|156 - VIRREYES|Autoservicio|AV AVELLANEDA|3348|-34.4589449|-58.5687411||VIRREYES|00001646|BUENOS AIRES|AR-B|8:00 a 22:00|8:00 a 22:00|8:00 a 22:00|8:00 a 22:00|8:00 a 22:00|8:00 a 22:00|8:00 a 22:00
15|1|157|157 - RAMOS MEJIA|Autoservicio|AV MAYO|791|-34.6480353|-58.5641947||RAMOS MEJIA|00001704|BUENOS AIRES|AR-B|8:00 a 22:00|8:00 a 22:00|8:00 a 22:00|8:00 a 22:00|8:00 a 22:00|8:00 a 22:00|8:00 a 22:00
15|1|160|160 - CHILAVERT|Autoservicio|CL ARTIGAS Y CAMPICHUELO|6015|-34.544654|-58.568523||CHILAVERT|00001655|BUENOS AIRES|AR-B|8:00 a 22:00|8:00 a 22:00|8:00 a 22:00|8:00 a 22:00|8:00 a 22:00|8:00 a 22:00|8:00 a 22:00
15|1|161|161 - OLIVOS|Autoservicio|AV MAIPU|2949|-34.5089427|-58.4918272||OLIVOS|00001636|BUENOS AIRES|AR-B|8:00 a 22:00|8:00 a 22:00|8:00 a 22:00|8:00 a 22:00|8:00 a 22:00|8:00 a 22:00|8:00 a 22:00
15|1|163|163 - ENSENADA|Autoservicio|CL BOSSIGNA|783|-34.8571545|-57.9168134||ENSENADA|00001925|BUENOS AIRES|AR-B|8:00 a 22:00|8:00 a 22:00|8:00 a 22:00|8:00 a 22:00|8:00 a 22:00|8:00 a 22:00|8:00 a 22:00
15|1|164|164 - BALVANERA|Autoservicio|AV CORRIENTES|1978|-34.604513|-58.3949583||BALVANERA|00001045|CAPITAL FEDERAL|AR-C|8:00 a 22:00|8:00 a 22:00|8:00 a 22:00|8:00 a 22:00|8:00 a 22:00|8:00 a 22:00|8:00 a 22:00
15|1|165|165 - PASO DEL REY|Autoservicio|AV ZAPIOLA|529|-34.638963|-58.737751||PASO DEL REY|00001744|BUENOS AIRES|AR-B|8:00 a 22:00|8:00 a 22:00|8:00 a 22:00|8:00 a 22:00|8:00 a 22:00|8:00 a 22:00|8:00 a 22:00
15|1|168|168 - VILLA CRESPO|Autoservicio|AV MEDRANO|1235|-34.594997|-58.4196875||VILLA CRESPO|00001179|CAPITAL FEDERAL|AR-C|8:00 a 22:00|8:00 a 22:00|8:00 a 22:00|8:00 a 22:00|8:00 a 22:00|8:00 a 22:00|8:00 a 22:00
15|1|169|169 - VILLA TESEI|Autoservicio|CL NICOLAS REPETTO|509|-34.6278804|-58.6567158||VILLA TESEI|00001686|BUENOS AIRES|AR-B|8:00 a 22:00|8:00 a 22:00|8:00 a 22:00|8:00 a 22:00|8:00 a 22:00|8:00 a 22:00|8:00 a 22:00
15|1|171|171 - TIGRE|Autoservicio|AV CAZON|1270|-34.4255709|-58.577033||TIGRE|00001648|BUENOS AIRES|AR-B|8:00 a 22:00|8:00 a 22:00|8:00 a 22:00|8:00 a 22:00|8:00 a 22:00|8:00 a 22:00|8:00 a 22:00
15|1|172|172 - MAR DEL PLATA|Autoservicio|CL 12 DE OCTUBRE|3444|-38.0419852|-57.5476181||MAR DEL PLATA|00007600|BUENOS AIRES|AR-B|8:00 a 22:00|8:00 a 22:00|8:00 a 22:00|8:00 a 22:00|8:00 a 22:00|8:00 a 22:00|8:00 a 22:00
15|1|174|174 - SAN FRANCISCO SOLANO|Autoservicio|AV 24|581|-34.792414|-58.310215||SAN FRANCISCO SOLANO|00001846|BUENOS AIRES|AR-B|8:00 a 22:00|8:00 a 22:00|8:00 a 22:00|8:00 a 22:00|8:00 a 22:00|8:00 a 22:00|8:00 a 22:00
15|1|177|177 - FRANCISCO ALVAREZ|Autoservicio|AV SEMANA DE MAYO|1552|-34.635247|-58.860948||FRANCISCO ALVAREZ|00001746|BUENOS AIRES|AR-B|8:00 a 22:00|8:00 a 22:00|8:00 a 22:00|8:00 a 22:00|8:00 a 22:00|8:00 a 22:00|8:00 a 22:00
15|1|180|180 - LOMA VERDE|Autoservicio|CL GUATAMBU|204|-34.8183783|-58.4257131||LOMA VERDE|00001620|BUENOS AIRES|AR-B|8:00 a 22:00|8:00 a 22:00|8:00 a 22:00|8:00 a 22:00|8:00 a 22:00|8:00 a 22:00|8:00 a 22:00
15|1|182|182 - ADROGUE|Autoservicio|CL SEGUI|750|-34.7997695|-58.3959092||ADROGUE|00001846|BUENOS AIRES|AR-B|8:00 a 22:00|8:00 a 22:00|8:00 a 22:00|8:00 a 22:00|8:00 a 22:00|8:00 a 22:00|8:00 a 22:00
15|1|183|183 - SANTOS LUGARES|Autoservicio|CL RODRIGUEZ PEÑA|1355|-34.5975856|-58.5423574||SANTOS LUGARES|00001676|BUENOS AIRES|AR-B|8:00 a 22:00|8:00 a 22:00|8:00 a 22:00|8:00 a 22:00|8:00 a 22:00|8:00 a 22:00|8:00 a 22:00
15|1|184|184 - MAR DEL PLATA|Autoservicio|CL SAN JUAN|1254|-37.9876162|-57.560025||MAR DEL PLATA|00007600|BUENOS AIRES|AR-B|8:00 a 22:00|8:00 a 22:00|8:00 a 22:00|8:00 a 22:00|8:00 a 22:00|8:00 a 22:00|8:00 a 22:00
15|1|185|185 - MAR DEL PLATA|Autoservicio|AV PEDRO LURO ESQ 180|1602|-37.9742308|-57.5945595||MAR DEL PLATA|00007600|BUENOS AIRES|AR-B|8:00 a 22:00|8:00 a 22:00|8:00 a 22:00|8:00 a 22:00|8:00 a 22:00|8:00 a 22:00|8:00 a 22:00
15|1|186|186 - INGENIERO PABLO NOGUES|Autoservicio|CL R.197E/SEGUI Y GRANADEROS|2371|-34.494028|-58.704919||INGENIERO PABLO NOGUES|00001613|BUENOS AIRES|AR-B|8:00 a 22:00|8:00 a 22:00|8:00 a 22:00|8:00 a 22:00|8:00 a 22:00|8:00 a 22:00|8:00 a 22:00
15|1|187|187 - VILLA ROSA|Autoservicio|CL RT. 25 E/A.THOMAS Y BOEDO|4150|-34.42054|-58.868762||VILLA ROSA|00001629|BUENOS AIRES|AR-B|8:00 a 22:00|8:00 a 22:00|8:00 a 22:00|8:00 a 22:00|8:00 a 22:00|8:00 a 22:00|8:00 a 22:00
15|1|189|189 - ALMAGRO|Autoservicio|AV RIVADAVIA|3566|-34.6109309|-58.4168101||ALMAGRO|00001204|CAPITAL FEDERAL|AR-C|8:00 a 22:00|8:00 a 22:00|8:00 a 22:00|8:00 a 22:00|8:00 a 22:00|8:00 a 22:00|8:00 a 22:00
15|1|190|190 - MAR DEL PLATA|Autoservicio|CL ALBERTI|2151|-38.0089747|-57.5481742||MAR DEL PLATA|00007600|BUENOS AIRES|AR-B|8:00 a 22:00|8:00 a 22:00|8:00 a 22:00|8:00 a 22:00|8:00 a 22:00|8:00 a 22:00|8:00 a 22:00
15|1|194|194 - ESCOBAR|Autoservicio|CL TAPIA DE CRUZ|223|-34.3444298|-58.7916233||ESCOBAR|00001625|BUENOS AIRES|AR-B|8:00 a 22:00|8:00 a 22:00|8:00 a 22:00|8:00 a 22:00|8:00 a 22:00|8:00 a 22:00|8:00 a 22:00
15|1|197|197 - COLEGIALES|Autoservicio|CL JOSE HERNANDEZ|2469|-34.5660554|-58.4541372||COLEGIALES|00001426|CAPITAL FEDERAL|AR-C|8:00 a 22:00|8:00 a 22:00|8:00 a 22:00|8:00 a 22:00|8:00 a 22:00|8:00 a 22:00|8:00 a 22:00
15|1|198|198 - SAN TELMO|Autoservicio|CL BOLIVAR|953|-34.6190759|-58.3729926||SAN TELMO|00001066|CAPITAL FEDERAL|AR-C|8:00 a 22:00|8:00 a 22:00|8:00 a 22:00|8:00 a 22:00|8:00 a 22:00|8:00 a 22:00|8:00 a 22:00
15|1|199|199 - MAIPU|Autoservicio|CL RIVADAVIA E/LAVALLE Y V. LYNCH|249|-36.863464|-57.880218||MAIPU|00007160|BUENOS AIRES|AR-B|8:00 a 22:00|8:00 a 22:00|8:00 a 22:00|8:00 a 22:00|8:00 a 22:00|8:00 a 22:00|8:00 a 22:00
15|1|201|201 - RANCHOS|Autoservicio|CL L. GILES E H.YRIGOYEN|2900|-35.515799|-58.316883||RANCHOS|00001987|BUENOS AIRES|AR-B|8:00 a 22:00|8:00 a 22:00|8:00 a 22:00|8:00 a 22:00|8:00 a 22:00|8:00 a 22:00|8:00 a 22:00
15|1|202|202 - LAS FLORES|Autoservicio|AV S.MARTIN ENTRE G.ROCA Y SARMIENTO|827|-36.0186812|-59.0945984||LAS FLORES|00007200|BUENOS AIRES|AR-B|8:00 a 22:00|8:00 a 22:00|8:00 a 22:00|8:00 a 22:00|8:00 a 22:00|8:00 a 22:00|8:00 a 22:00
15|1|203|203 - LOMAS DE ZAMORA|Autoservicio|CL COSQUIN|2724|-34.7079051|-58.4586922||LOMAS DE ZAMORA|00001773|BUENOS AIRES|AR-B|8:00 a 22:00|8:00 a 22:00|8:00 a 22:00|8:00 a 22:00|8:00 a 22:00|8:00 a 22:00|8:00 a 22:00
15|1|204|204 - SAN MARTIN|Autoservicio|CL MORENO|1533|-34.531295|-58.555112||SAN MARTIN|00001653|BUENOS AIRES|AR-B|8:00 a 22:00|8:00 a 22:00|8:00 a 22:00|8:00 a 22:00|8:00 a 22:00|8:00 a 22:00|8:00 a 22:00
15|1|205|205 - FLORES|Autoservicio|AV VARELA|1189|-34.6423398|-58.4555196||FLORES|00001406|CAPITAL FEDERAL|AR-C|8:00 a 22:00|8:00 a 22:00|8:00 a 22:00|8:00 a 22:00|8:00 a 22:00|8:00 a 22:00|8:00 a 22:00
15|1|206|206 - CHACARITA|Autoservicio|AV FOREST|555|-34.5855958|-58.4535529||CHACARITA|00001427|CAPITAL FEDERAL|AR-C|8:00 a 22:00|8:00 a 22:00|8:00 a 22:00|8:00 a 22:00|8:00 a 22:00|8:00 a 22:00|8:00 a 22:00
15|1|207|207 - SAN ANDRES|Autoservicio|CL SAN LORENZO ( N° 91)|2956|-34.5698714|-58.5479156||SAN ANDRES|00001651|BUENOS AIRES|AR-B|8:00 a 22:00|8:00 a 22:00|8:00 a 22:00|8:00 a 22:00|8:00 a 22:00|8:00 a 22:00|8:00 a 22:00
15|1|208|208 - CABALLITO|Autoservicio|AV PEDRO GOYENA|1373|-34.6273661|-58.4466235||CABALLITO|00001406|CAPITAL FEDERAL|AR-C|8:00 a 22:00|8:00 a 22:00|8:00 a 22:00|8:00 a 22:00|8:00 a 22:00|8:00 a 22:00|8:00 a 22:00
15|1|209|209 - BARRACAS|Autoservicio|AV REGIMIENTO DE PATRICIOS|795|-34.6373762|-58.3697099||BARRACAS|00001265|CAPITAL FEDERAL|AR-C|8:00 a 22:00|8:00 a 22:00|8:00 a 22:00|8:00 a 22:00|8:00 a 22:00|8:00 a 22:00|8:00 a 22:00
15|1|210|210 - LOMAS DE ZAMORA|Autoservicio|CL CLAUDIO DE ALAS|2150|-34.7204095|-58.4628685||LOMAS DE ZAMORA|00001773|BUENOS AIRES|AR-B|8:00 a 22:00|8:00 a 22:00|8:00 a 22:00|8:00 a 22:00|8:00 a 22:00|8:00 a 22:00|8:00 a 22:00
15|1|211|211 - VILLA CONSTITUCION|Autoservicio|AV SAN MARTIN|1081|-33.225442|-60.332344||VILLA CONSTITUCION|00002919|SANTA FE|AR-S|8:00 a 22:00|8:00 a 22:00|8:00 a 22:00|8:00 a 22:00|8:00 a 22:00|8:00 a 22:00|8:00 a 22:00
15|1|212|212 - MERCEDES|Autoservicio|CL ALEM ENTRE PELEGRINI Y MITRE|676|-34.653951|-59.432368||MERCEDES|00006600|BUENOS AIRES|AR-B|8:00 a 22:00|8:00 a 22:00|8:00 a 22:00|8:00 a 22:00|8:00 a 22:00|8:00 a 22:00|8:00 a 22:00
15|1|213|213 - BRAGADO|Autoservicio|CL PELEGRINI E ISIDRO SUAREZ|1601|-35.1172245|-60.4858734||BRAGADO|00006640|BUENOS AIRES|AR-B|8:00 a 22:00|8:00 a 22:00|8:00 a 22:00|8:00 a 22:00|8:00 a 22:00|8:00 a 22:00|8:00 a 22:00
15|1|214|214 - CABALLITO|Autoservicio|CL GUAYAQUIL|887|-34.6218749|-58.4407532||CABALLITO|00001424|CAPITAL FEDERAL|AR-C|8:00 a 22:00|8:00 a 22:00|8:00 a 22:00|8:00 a 22:00|8:00 a 22:00|8:00 a 22:00|8:00 a 22:00
15|1|216|216 - ZARATE|Autoservicio|CL ALMTE BROWN|247|-34.0980349|-59.02444||ZARATE|00002800|BUENOS AIRES|AR-B|8:00 a 22:00|8:00 a 22:00|8:00 a 22:00|8:00 a 22:00|8:00 a 22:00|8:00 a 22:00|8:00 a 22:00
15|1|217|217 - VÉLEZ SÁRSFIELD|Autoservicio|AV SEGUROLA|456|-34.6300176|-58.4873541||VÉLEZ SÁRSFIELD|00001407|CAPITAL FEDERAL|AR-C|8:00 a 22:00|8:00 a 22:00|8:00 a 22:00|8:00 a 22:00|8:00 a 22:00|8:00 a 22:00|8:00 a 22:00
15|1|218|218 - VILLA DEL PARQUE|Autoservicio|AV NAZCA|2542|-34.6064336|-58.4855976||VILLA DEL PARQUE|00001417|CAPITAL FEDERAL|AR-C|8:00 a 22:00|8:00 a 22:00|8:00 a 22:00|8:00 a 22:00|8:00 a 22:00|8:00 a 22:00|8:00 a 22:00
15|1|219|219 - VILLA GENERAL MITRE|Autoservicio|AV ALVAREZ JONTE|2201|-34.6052957|-58.4740289||VILLA GENERAL MITRE|00001416|CAPITAL FEDERAL|AR-C|8:00 a 22:00|8:00 a 22:00|8:00 a 22:00|8:00 a 22:00|8:00 a 22:00|8:00 a 22:00|8:00 a 22:00
15|1|222|222 - CAPITAN SARMIENTO|Autoservicio|CL RIVADAVIA|536|-34.173214|-59.795796||CAPITAN SARMIENTO|00002752|BUENOS AIRES|AR-B|8:00 a 22:00|8:00 a 22:00|8:00 a 22:00|8:00 a 22:00|8:00 a 22:00|8:00 a 22:00|8:00 a 22:00
15|1|223|223 - VILLA DEVOTO|Autoservicio|CL SANABRIA|2930|-34.6096892|-58.5076977||VILLA DEVOTO|00001417|CAPITAL FEDERAL|AR-C|8:00 a 22:00|8:00 a 22:00|8:00 a 22:00|8:00 a 22:00|8:00 a 22:00|8:00 a 22:00|8:00 a 22:00
15|1|224|224 - CABALLITO|Autoservicio|CL AVELLANEDA|2102|-34.6230067|-58.4612086||CABALLITO|00001406|CAPITAL FEDERAL|AR-C|8:00 a 22:00|8:00 a 22:00|8:00 a 22:00|8:00 a 22:00|8:00 a 22:00|8:00 a 22:00|8:00 a 22:00
15|1|225|225 - FIRMAT|Autoservicio|CL CORDOBA|886|-33.459792|-61.488451||FIRMAT|00002630|SANTA FE|AR-S|8:00 a 22:00|8:00 a 22:00|8:00 a 22:00|8:00 a 22:00|8:00 a 22:00|8:00 a 22:00|8:00 a 22:00
15|1|226|226 - 25 DE MAYO|Autoservicio|CL CALLE 9 Y CALLE 32|1300|-35.433295|-60.166461||25 DE MAYO|00006660|BUENOS AIRES|AR-B|8:00 a 22:00|8:00 a 22:00|8:00 a 22:00|8:00 a 22:00|8:00 a 22:00|8:00 a 22:00|8:00 a 22:00
15|1|231|231 - LOS TOLDOS|Autoservicio|CL AVELLANEDA ESQ ESPAÑA|205|-35.00172|-61.03402||LOS TOLDOS|00006015|BUENOS AIRES|AR-B|8:00 a 22:00|8:00 a 22:00|8:00 a 22:00|8:00 a 22:00|8:00 a 22:00|8:00 a 22:00|8:00 a 22:00
15|1|233|233 - CAMPANA|Autoservicio|CL BELGRANO|390|-34.1641136|-58.9579757||CAMPANA|00002804|BUENOS AIRES|AR-B|8:00 a 22:00|8:00 a 22:00|8:00 a 22:00|8:00 a 22:00|8:00 a 22:00|8:00 a 22:00|8:00 a 22:00
15|1|234|234 - PERGAMINO|Autoservicio|AV JULIO A ROCA|281|-33.8939905|-60.5690737||PERGAMINO|00002700|BUENOS AIRES|AR-B|8:00 a 22:00|8:00 a 22:00|8:00 a 22:00|8:00 a 22:00|8:00 a 22:00|8:00 a 22:00|8:00 a 22:00
15|1|237|237 - ROJAS|Autoservicio|CL JULIO IRIBARNE|291|-34.1959|-60.732517||ROJAS|00002705|BUENOS AIRES|AR-B|8:00 a 22:00|8:00 a 22:00|8:00 a 22:00|8:00 a 22:00|8:00 a 22:00|8:00 a 22:00|8:00 a 22:00
15|1|239|239 - VILLA CRESPO|Autoservicio|AV CORDOBA|5101|-34.5907998|-58.4353056||VILLA CRESPO|00001414|CAPITAL FEDERAL|AR-C|8:00 a 22:00|8:00 a 22:00|8:00 a 22:00|8:00 a 22:00|8:00 a 22:00|8:00 a 22:00|8:00 a 22:00
15|1|241|241 - CABALLITO|Autoservicio|CL ROJAS|243|-34.6178375|-58.4425506||CABALLITO|00001405|CAPITAL FEDERAL|AR-C|8:00 a 22:00|8:00 a 22:00|8:00 a 22:00|8:00 a 22:00|8:00 a 22:00|8:00 a 22:00|8:00 a 22:00
15|1|242|242 - PARQUE CHAS|Autoservicio|AV DE LOS INCAS|5260|-34.5872269|-58.4821776||PARQUE CHAS|00001427|CAPITAL FEDERAL|AR-C|8:00 a 22:00|8:00 a 22:00|8:00 a 22:00|8:00 a 22:00|8:00 a 22:00|8:00 a 22:00|8:00 a 22:00
15|1|243|243 - ARRECIFES|Autoservicio|CL RICARDO GUTIERREZ|435|-34.061751|-60.104689||ARRECIFES|00002740|BUENOS AIRES|AR-B|8:00 a 22:00|8:00 a 22:00|8:00 a 22:00|8:00 a 22:00|8:00 a 22:00|8:00 a 22:00|8:00 a 22:00
15|1|244|244 - VENADO TUERTO|Autoservicio|AV ESTRUGAMOU|1657|-33.75|-61.965641||VENADO TUERTO|00002600|SANTA FE|AR-S|8:00 a 22:00|8:00 a 22:00|8:00 a 22:00|8:00 a 22:00|8:00 a 22:00|8:00 a 22:00|8:00 a 22:00
15|1|245|245 - VILLA PUEYRREDÓN|Autoservicio|CL GRAL J. G. ARTIGAS|5467|-34.5773372|-58.5032059||VILLA PUEYRREDÓN|00001419|CAPITAL FEDERAL|AR-C|8:00 a 22:00|8:00 a 22:00|8:00 a 22:00|8:00 a 22:00|8:00 a 22:00|8:00 a 22:00|8:00 a 22:00
15|1|248|248 - CHIVILCOY|Autoservicio|AV CEBALLOS|172|-34.8940464|-60.0228134||CHIVILCOY|00006620|BUENOS AIRES|AR-B|8:00 a 22:00|8:00 a 22:00|8:00 a 22:00|8:00 a 22:00|8:00 a 22:00|8:00 a 22:00|8:00 a 22:00
15|1|250|250 - GENERAL BELGRANO|Autoservicio|AV ESPAÑA E/J DE LA FUENTE Y PAZ|700|-35.767071|-58.493309||GENERAL BELGRANO|00007223|BUENOS AIRES|AR-B|8:00 a 22:00|8:00 a 22:00|8:00 a 22:00|8:00 a 22:00|8:00 a 22:00|8:00 a 22:00|8:00 a 22:00
15|1|251|251 - ROQUE PEREZ|Autoservicio|AV MITRE E HIPOLITO YRIGOYEN|1183|-35.398366|-59.330897||ROQUE PEREZ|00007245|BUENOS AIRES|AR-B|8:00 a 22:00|8:00 a 22:00|8:00 a 22:00|8:00 a 22:00|8:00 a 22:00|8:00 a 22:00|8:00 a 22:00
15|1|252|252 - PALERMO|Autoservicio|CL THAMES|2447|-34.5816907|-58.4223268||PALERMO|00001425|CAPITAL FEDERAL|AR-C|8:00 a 22:00|8:00 a 22:00|8:00 a 22:00|8:00 a 22:00|8:00 a 22:00|8:00 a 22:00|8:00 a 22:00
15|1|253|253 - NAVARRO|Autoservicio|CL BME MITRE ESQ SARMIENTO|431|-35.005151|-59.278074||NAVARRO|00006605|BUENOS AIRES|AR-B|8:00 a 22:00|8:00 a 22:00|8:00 a 22:00|8:00 a 22:00|8:00 a 22:00|8:00 a 22:00|8:00 a 22:00
15|1|254|254 - BOEDO|Autoservicio|AV SAN JUAN|4231|-34.6266864|-58.4245818||BOEDO|00001233|CAPITAL FEDERAL|AR-C|8:00 a 22:00|8:00 a 22:00|8:00 a 22:00|8:00 a 22:00|8:00 a 22:00|8:00 a 22:00|8:00 a 22:00
15|1|256|256 - LOBOS|Autoservicio|CL PTE PERON|345|-35.1888412|-59.0967829||LOBOS|00007240|BUENOS AIRES|AR-B|8:00 a 22:00|8:00 a 22:00|8:00 a 22:00|8:00 a 22:00|8:00 a 22:00|8:00 a 22:00|8:00 a 22:00
15|1|257|257 - AYACUCHO|Autoservicio|CL ALEM|925|-37.15398|-58.487377||AYACUCHO|00007150|BUENOS AIRES|AR-B|8:00 a 22:00|8:00 a 22:00|8:00 a 22:00|8:00 a 22:00|8:00 a 22:00|8:00 a 22:00|8:00 a 22:00
15|1|258|258 - SAN ANDRES DE GILES|Autoservicio|AV RIVADAVIA|569|-34.442858|-59.446896||SAN ANDRES DE GILES|00006720|BUENOS AIRES|AR-B|8:00 a 22:00|8:00 a 22:00|8:00 a 22:00|8:00 a 22:00|8:00 a 22:00|8:00 a 22:00|8:00 a 22:00
15|1|261|261 - SAN TELMO|Autoservicio|CL SARMIERTO|1282|-34.6051859|-58.3847811||SAN TELMO|00001041|CAPITAL FEDERAL|AR-C|8:00 a 22:00|8:00 a 22:00|8:00 a 22:00|8:00 a 22:00|8:00 a 22:00|8:00 a 22:00|8:00 a 22:00
15|1|262|262 - PARQUE CHACABUCO|Autoservicio|AV EVA PERON|1790|-34.6355448|-58.4483758||PARQUE CHACABUCO|00001406|CAPITAL FEDERAL|AR-C|8:00 a 22:00|8:00 a 22:00|8:00 a 22:00|8:00 a 22:00|8:00 a 22:00|8:00 a 22:00|8:00 a 22:00
15|1|263|263 - PARQUE AVELLANEDA|Autoservicio|AV LACARRA|574|-34.6401732|-58.4813056||PARQUE AVELLANEDA|00001407|CAPITAL FEDERAL|AR-C|8:00 a 22:00|8:00 a 22:00|8:00 a 22:00|8:00 a 22:00|8:00 a 22:00|8:00 a 22:00|8:00 a 22:00
15|1|264|264 - TIGRE|Autoservicio|CL SANTA MARIA|2539|-34.4184565|-58.5960217||TIGRE|00001611|BUENOS AIRES|AR-B|8:00 a 22:00|8:00 a 22:00|8:00 a 22:00|8:00 a 22:00|8:00 a 22:00|8:00 a 22:00|8:00 a 22:00
15|1|265|265 - AZUL|Autoservicio|AV SAN MARTIN|676|-36.7810658|-59.8595911||AZUL|00007300|BUENOS AIRES|AR-B|8:00 a 22:00|8:00 a 22:00|8:00 a 22:00|8:00 a 22:00|8:00 a 22:00|8:00 a 22:00|8:00 a 22:00
15|1|266|266 - PARQUE PATRICIOS|Autoservicio|CL MATHEU|1756|-34.6298211|-58.3980513||PARQUE PATRICIOS|00001249|CAPITAL FEDERAL|AR-C|8:00 a 22:00|8:00 a 22:00|8:00 a 22:00|8:00 a 22:00|8:00 a 22:00|8:00 a 22:00|8:00 a 22:00
15|1|268|268 - RECOLETA|Autoservicio|CL RIOBAMBA|1014|-34.5971041|-58.3947861||RECOLETA|00001116|CAPITAL FEDERAL|AR-C|8:00 a 22:00|8:00 a 22:00|8:00 a 22:00|8:00 a 22:00|8:00 a 22:00|8:00 a 22:00|8:00 a 22:00
15|1|269|269 - NÚÑEZ|Autoservicio|CL ARCOS|2192|-34.5594987|-58.4545906||NÚÑEZ|00001428|CAPITAL FEDERAL|AR-C|8:00 a 22:00|8:00 a 22:00|8:00 a 22:00|8:00 a 22:00|8:00 a 22:00|8:00 a 22:00|8:00 a 22:00
15|1|270|270 - EL TALAR|Autoservicio|CL HIPOLITO YRIGOYEN|1973|-34.4692902|-58.6512228||EL TALAR|00001618|BUENOS AIRES|AR-B|8:00 a 22:00|8:00 a 22:00|8:00 a 22:00|8:00 a 22:00|8:00 a 22:00|8:00 a 22:00|8:00 a 22:00
15|1|271|271 - SAN CRISTÓBAL|Autoservicio|AV SAN JUAN|1932|-34.6228846|-58.3931835||SAN CRISTÓBAL|00001232|CAPITAL FEDERAL|AR-C|8:00 a 22:00|8:00 a 22:00|8:00 a 22:00|8:00 a 22:00|8:00 a 22:00|8:00 a 22:00|8:00 a 22:00
15|1|272|272 - PALERMO|Autoservicio|CL SCALABRINI ORTIZ|2067|-34.5880694|-58.4205839||PALERMO|00001425|CAPITAL FEDERAL|AR-C|8:00 a 22:00|8:00 a 22:00|8:00 a 22:00|8:00 a 22:00|8:00 a 22:00|8:00 a 22:00|8:00 a 22:00
15|1|273|273 - TANDIL|Autoservicio|AV COLON|1143|-37.317411|-59.134689||TANDIL|00007000|BUENOS AIRES|AR-B|8:00 a 22:00|8:00 a 22:00|8:00 a 22:00|8:00 a 22:00|8:00 a 22:00|8:00 a 22:00|8:00 a 22:00
15|1|274|274 - NÚÑEZ|Autoservicio|AV MONROE|1911|-34.5555822|-58.4554028||NÚÑEZ|00001428|CAPITAL FEDERAL|AR-C|8:00 a 22:00|8:00 a 22:00|8:00 a 22:00|8:00 a 22:00|8:00 a 22:00|8:00 a 22:00|8:00 a 22:00
15|1|275|275 - GENERAL MADARIAGA|Autoservicio|CL SARMIENTO ESQ.MAISTEGUI|1400|-37.003439|-57.136081||GENERAL MADARIAGA|00007163|BUENOS AIRES|AR-B|8:00 a 22:00|8:00 a 22:00|8:00 a 22:00|8:00 a 22:00|8:00 a 22:00|8:00 a 22:00|8:00 a 22:00
15|1|276|276 - JOSE MANUEL MARMOL|Autoservicio|CL BYNNON|1704|-34.7960196|-58.3859618||JOSE MANUEL MARMOL|00001846|BUENOS AIRES|AR-B|8:00 a 22:00|8:00 a 22:00|8:00 a 22:00|8:00 a 22:00|8:00 a 22:00|8:00 a 22:00|8:00 a 22:00
15|1|277|277 - NÚÑEZ|Autoservicio|AV CABILDO|3822|-34.5479546|-58.4689903||NÚÑEZ|00001429|CAPITAL FEDERAL|AR-C|8:00 a 22:00|8:00 a 22:00|8:00 a 22:00|8:00 a 22:00|8:00 a 22:00|8:00 a 22:00|8:00 a 22:00
15|1|278|278 - BALCARCE|Autoservicio|CL BOULEVAR DEL VALLE|512|-37.8407516|-58.2562523||BALCARCE|00007620|BUENOS AIRES|AR-B|8:00 a 22:00|8:00 a 22:00|8:00 a 22:00|8:00 a 22:00|8:00 a 22:00|8:00 a 22:00|8:00 a 22:00
15|1|279|279 - LONGCHAMPS|Autoservicio|CL RIVADAVIA|1495|-34.85823|-58.389308||LONGCHAMPS|00001854|BUENOS AIRES|AR-B|8:00 a 22:00|8:00 a 22:00|8:00 a 22:00|8:00 a 22:00|8:00 a 22:00|8:00 a 22:00|8:00 a 22:00
15|1|280|280 - SAN NICOLAS|Autoservicio|CL PELLEGRINI|328|-33.3346028|-60.2188972||SAN NICOLAS|00002900|BUENOS AIRES|AR-B|8:00 a 22:00|8:00 a 22:00|8:00 a 22:00|8:00 a 22:00|8:00 a 22:00|8:00 a 22:00|8:00 a 22:00
15|1|281|281 - CHACABUCO|Autoservicio|AV HIPOLITO YRIGOYEN|51|-34.6346734|-60.4642224||CHACABUCO|00006740|BUENOS AIRES|AR-B|8:00 a 22:00|8:00 a 22:00|8:00 a 22:00|8:00 a 22:00|8:00 a 22:00|8:00 a 22:00|8:00 a 22:00
15|1|282|282 - ARROYO SECO|Autoservicio|CL HIPOLITO YRIGOYEN|229|-33.156124|-60.512711||ARROYO SECO|00002128|SANTA FE|AR-S|8:00 a 22:00|8:00 a 22:00|8:00 a 22:00|8:00 a 22:00|8:00 a 22:00|8:00 a 22:00|8:00 a 22:00
15|1|283|283 - PILAR|Autoservicio|AV TRATADO DEL PILAR|131|-34.4527672|-58.9079006||PILAR|00001629|BUENOS AIRES|AR-B|8:00 a 22:00|8:00 a 22:00|8:00 a 22:00|8:00 a 22:00|8:00 a 22:00|8:00 a 22:00|8:00 a 22:00
15|1|284|284 - PALERMO|Autoservicio|CL BERUTII|3434|-34.5863049|-58.4109701||PALERMO|00001425|CAPITAL FEDERAL|AR-C|8:00 a 22:00|8:00 a 22:00|8:00 a 22:00|8:00 a 22:00|8:00 a 22:00|8:00 a 22:00|8:00 a 22:00
15|1|286|286 - PALERMO|Autoservicio|CL MIGUELETES|752|-34.5667734|-58.4335617||PALERMO|00001426|CAPITAL FEDERAL|AR-C|8:00 a 22:00|8:00 a 22:00|8:00 a 22:00|8:00 a 22:00|8:00 a 22:00|8:00 a 22:00|8:00 a 22:00
15|1|287|287 - SAN MIGUEL|Autoservicio|CL ANGEL DELIA|1621|-34.5406985|-58.710821||SAN MIGUEL|00001663|BUENOS AIRES|AR-B|8:00 a 22:00|8:00 a 22:00|8:00 a 22:00|8:00 a 22:00|8:00 a 22:00|8:00 a 22:00|8:00 a 22:00
15|1|288|288 - CABALLITO|Autoservicio|AV ACOYTE|232|-34.6154894|-58.4376446||CABALLITO|00001405|CAPITAL FEDERAL|AR-C|8:00 a 22:00|8:00 a 22:00|8:00 a 22:00|8:00 a 22:00|8:00 a 22:00|8:00 a 22:00|8:00 a 22:00
15|1|289|289 - BENITO JUAREZ|Autoservicio|AV LIBERTAD ESQ. MORENO|150|-37.671562|-59.807378||BENITO JUAREZ|00007020|BUENOS AIRES|AR-B|8:00 a 22:00|8:00 a 22:00|8:00 a 22:00|8:00 a 22:00|8:00 a 22:00|8:00 a 22:00|8:00 a 22:00
15|1|290|290 - RECOLETA|Autoservicio|CL AUSTRIA|2355|-34.5861813|-58.4015054||RECOLETA|00001425|CAPITAL FEDERAL|AR-C|8:00 a 22:00|8:00 a 22:00|8:00 a 22:00|8:00 a 22:00|8:00 a 22:00|8:00 a 22:00|8:00 a 22:00
15|1|291|291 - CHACARITA|Autoservicio|AV ALVAREZ THOMAS|1520|-34.578467|-58.4634818||CHACARITA|00001427|CAPITAL FEDERAL|AR-C|8:00 a 22:00|8:00 a 22:00|8:00 a 22:00|8:00 a 22:00|8:00 a 22:00|8:00 a 22:00|8:00 a 22:00
15|1|293|293 - SAN TELMO|Autoservicio|CL BOLIVAR|1474|-34.6251504|-58.3726168||SAN TELMO|00001141|CAPITAL FEDERAL|AR-C|8:00 a 22:00|8:00 a 22:00|8:00 a 22:00|8:00 a 22:00|8:00 a 22:00|8:00 a 22:00|8:00 a 22:00
15|1|297|297 - DAIREAUX|Autoservicio|CL LAVALLE|99|-36.599707|-61.749462||DAIREAUX|00006555|BUENOS AIRES|AR-B|8:00 a 22:00|8:00 a 22:00|8:00 a 22:00|8:00 a 22:00|8:00 a 22:00|8:00 a 22:00|8:00 a 22:00
15|1|298|298 - OLAVARRIA|Autoservicio|CL RIVADAVIA|2746|-36.894088|-60.322967||OLAVARRIA|00007400|BUENOS AIRES|AR-B|8:00 a 22:00|8:00 a 22:00|8:00 a 22:00|8:00 a 22:00|8:00 a 22:00|8:00 a 22:00|8:00 a 22:00
15|1|299|299 - MATADEROS|Autoservicio|AV ALBERDI|6691|-34.6572416|-58.5095764||MATADEROS|00001440|CAPITAL FEDERAL|AR-C|8:00 a 22:00|8:00 a 22:00|8:00 a 22:00|8:00 a 22:00|8:00 a 22:00|8:00 a 22:00|8:00 a 22:00
15|1|300|300 - PALERMO|Autoservicio|AV SANTA FE|5222|-34.5766733|-58.4315629||PALERMO|00001425|CAPITAL FEDERAL|AR-C|8:00 a 22:00|8:00 a 22:00|8:00 a 22:00|8:00 a 22:00|8:00 a 22:00|8:00 a 22:00|8:00 a 22:00
15|1|301|301 - RECOLETA|Autoservicio|CL MARCELO T DE ALVEAR|1459|-34.5970782|-58.3877718||RECOLETA|00001060|CAPITAL FEDERAL|AR-C|8:00 a 22:00|8:00 a 22:00|8:00 a 22:00|8:00 a 22:00|8:00 a 22:00|8:00 a 22:00|8:00 a 22:00
15|1|302|302 - FLORES|Autoservicio|AV GAONA|2416|-34.6144399|-58.4608499||FLORES|00001416|CAPITAL FEDERAL|AR-C|8:00 a 22:00|8:00 a 22:00|8:00 a 22:00|8:00 a 22:00|8:00 a 22:00|8:00 a 22:00|8:00 a 22:00
15|1|303|303 - BALVANERA|Autoservicio|CL SARANDI|260|-34.6123916|-58.3947104||BALVANERA|00001081|CAPITAL FEDERAL|AR-C|8:00 a 22:00|8:00 a 22:00|8:00 a 22:00|8:00 a 22:00|8:00 a 22:00|8:00 a 22:00|8:00 a 22:00
15|1|304|304 - RECOLETA|Autoservicio|CL AZCUENAGA|1459|-34.5919508|-58.3983517||RECOLETA|00001115|CAPITAL FEDERAL|AR-C|8:00 a 22:00|8:00 a 22:00|8:00 a 22:00|8:00 a 22:00|8:00 a 22:00|8:00 a 22:00|8:00 a 22:00
15|1|305|305 - GUALEGUAYCHU|Autoservicio|CL RIVADAVIA|590|-33.0071111|-58.5119321||GUALEGUAYCHU|00002820|ENTRE RIOS|AR-E|8:00 a 22:00|8:00 a 22:00|8:00 a 22:00|8:00 a 22:00|8:00 a 22:00|8:00 a 22:00|8:00 a 22:00
15|1|306|306 - LINIERS|Autoservicio|CL EMILIO CASTRO|7471|-34.6552174|-58.5223907||LINIERS|00001408|CAPITAL FEDERAL|AR-C|8:00 a 22:00|8:00 a 22:00|8:00 a 22:00|8:00 a 22:00|8:00 a 22:00|8:00 a 22:00|8:00 a 22:00
15|1|307|307 - RECOLETA|Autoservicio|CL CHARCAS|3259|-34.5920824|-58.4118526||RECOLETA|00001425|CAPITAL FEDERAL|AR-C|8:00 a 22:00|8:00 a 22:00|8:00 a 22:00|8:00 a 22:00|8:00 a 22:00|8:00 a 22:00|8:00 a 22:00
15|1|308|308 - VILLA GENERAL MITRE|Autoservicio|AV GAONA|3163|-34.6182412|-58.4699422||VILLA GENERAL MITRE|00001416|CAPITAL FEDERAL|AR-C|8:00 a 22:00|8:00 a 22:00|8:00 a 22:00|8:00 a 22:00|8:00 a 22:00|8:00 a 22:00|8:00 a 22:00
15|1|310|310 - PEHUAJO|Autoservicio|CL MITRE ESQ. JOSE HERNANDEZ|316|-35.81316|-61.896981||PEHUAJO|00006450|BUENOS AIRES|AR-B|8:00 a 22:00|8:00 a 22:00|8:00 a 22:00|8:00 a 22:00|8:00 a 22:00|8:00 a 22:00|8:00 a 22:00
15|1|313|313 - CARMEN DE ARECO|Autoservicio|AV MITRE Y DOWLING|557|-34.3806686|-59.8223267||CARMEN DE ARECO|00006725|BUENOS AIRES|AR-B|8:00 a 22:00|8:00 a 22:00|8:00 a 22:00|8:00 a 22:00|8:00 a 22:00|8:00 a 22:00|8:00 a 22:00
15|1|316|316 - AGRONOMÍA|Autoservicio|AV NAZCA|4044|-34.5911227|-58.4978318||AGRONOMÍA|00001419|CAPITAL FEDERAL|AR-C|8:00 a 22:00|8:00 a 22:00|8:00 a 22:00|8:00 a 22:00|8:00 a 22:00|8:00 a 22:00|8:00 a 22:00
15|1|317|317 - NÚÑEZ|Autoservicio|CL CRISOLOGO LARRALDE|3012|-34.5520142|-58.4736585||NÚÑEZ|00001429|CAPITAL FEDERAL|AR-C|8:00 a 22:00|8:00 a 22:00|8:00 a 22:00|8:00 a 22:00|8:00 a 22:00|8:00 a 22:00|8:00 a 22:00
15|1|319|319 - COLON|Autoservicio|CL SAN MARTIN|680|-32.2252713|-58.1454569||COLON|00003280|ENTRE RIOS|AR-E|8:00 a 22:00|8:00 a 22:00|8:00 a 22:00|8:00 a 22:00|8:00 a 22:00|8:00 a 22:00|8:00 a 22:00
15|1|320|320 - NOGOYA|Autoservicio|CLCASEROS|1200|-32.397116|-59.792151||NOGOYA|00003150|ENTRE RIOS|AR-E|8:00 a 22:00|8:00 a 22:00|8:00 a 22:00|8:00 a 22:00|8:00 a 22:00|8:00 a 22:00|8:00 a 22:00
15|1|321|321 - RECOLETA|Autoservicio|CL CHARCAS|2725|-34.5945934|-58.4053499||RECOLETA|00001425|CAPITAL FEDERAL|AR-C|8:00 a 22:00|8:00 a 22:00|8:00 a 22:00|8:00 a 22:00|8:00 a 22:00|8:00 a 22:00|8:00 a 22:00
15|1|323|323 - VICTORIA|Autoservicio|CL 9 DE JULIO Y PERON|150|-32.6220245|-60.1570702||VICTORIA|00003153|ENTRE RIOS|AR-E|8:00 a 22:00|8:00 a 22:00|8:00 a 22:00|8:00 a 22:00|8:00 a 22:00|8:00 a 22:00|8:00 a 22:00
15|1|324|324 - COGHLAN|Autoservicio|CL AMENABAR|2369|-34.5606253|-58.4607081||COGHLAN|00001428|CAPITAL FEDERAL|AR-C|8:00 a 22:00|8:00 a 22:00|8:00 a 22:00|8:00 a 22:00|8:00 a 22:00|8:00 a 22:00|8:00 a 22:00
15|1|325|325 - ROSARIO DEL TALA|Autoservicio|CL RAMIREZ|21|-32.301798|-59.138836||ROSARIO DEL TALA|00003174|ENTRE RIOS|AR-E|8:00 a 22:00|8:00 a 22:00|8:00 a 22:00|8:00 a 22:00|8:00 a 22:00|8:00 a 22:00|8:00 a 22:00
15|1|326|326 - VILLA SAN JOSE|Autoservicio|CL SARMIENTO|1665|-32.2147611|-58.2220274||VILLA SAN JOSE|00003282|ENTRE RIOS|AR-E|8:00 a 22:00|8:00 a 22:00|8:00 a 22:00|8:00 a 22:00|8:00 a 22:00|8:00 a 22:00|8:00 a 22:00
15|1|327|327 - VILLA ELISA|Autoservicio|CL J.J. CASTELLI|1444|-32.160073|-58.402913||VILLA ELISA|00003265|ENTRE RIOS|AR-E|8:00 a 22:00|8:00 a 22:00|8:00 a 22:00|8:00 a 22:00|8:00 a 22:00|8:00 a 22:00|8:00 a 22:00
15|1|336|336 - NUEVA POMPEYA|Autoservicio|ESQUIU|1001|-34.651709|-58.41803||NUEVA POMPEYA|00001437|CAPITAL FEDERAL|AR-C|8:00 a 22:00|8:00 a 22:00|8:00 a 22:00|8:00 a 22:00|8:00 a 22:00|8:00 a 22:00|8:00 a 22:00
15|1|337|337 - COGHLAN|Autoservicio|AV DR.RICARDO BALBIN|2902|-34.5600965|-58.4714163||COGHLAN|00001430|CAPITAL FEDERAL|AR-C|8:00 a 22:00|8:00 a 22:00|8:00 a 22:00|8:00 a 22:00|8:00 a 22:00|8:00 a 22:00|8:00 a 22:00
15|1|338|338 - JOSE C. PAZ|Autoservicio|GELLYY OBES|4926|-34.522894|-58.751278||JOSE C. PAZ|00001665|BUENOS AIRES|AR-B|8:00 a 22:00|8:00 a 22:00|8:00 a 22:00|8:00 a 22:00|8:00 a 22:00|8:00 a 22:00|8:00 a 22:00
15|1|342|342 - CAÑUELAS|Autoservicio|AV LIBERTAD|1256|-35.050929|-58.7648874||CAÑUELAS|00001814|BUENOS AIRES|AR-B|8:00 a 22:00|8:00 a 22:00|8:00 a 22:00|8:00 a 22:00|8:00 a 22:00|8:00 a 22:00|8:00 a 22:00
15|1|344|344 - BALVANERA|Autoservicio|AV CORRIENTES|3534|-34.6039858|-58.414885||BALVANERA|00001194|CAPITAL FEDERAL|AR-C|8:00 a 22:00|8:00 a 22:00|8:00 a 22:00|8:00 a 22:00|8:00 a 22:00|8:00 a 22:00|8:00 a 22:00
15|1|346|346 - ALMAGRO|Autoservicio|CL GALLO|1201|-34.5962353|-58.4115956||ALMAGRO|00001425|CAPITAL FEDERAL|AR-C|8:00 a 22:00|8:00 a 22:00|8:00 a 22:00|8:00 a 22:00|8:00 a 22:00|8:00 a 22:00|8:00 a 22:00
15|1|347|347 - MATADEROS|Autoservicio|AV EVA PERON|5887|-34.6632563|-58.4887387||MATADEROS|00001439|CAPITAL FEDERAL|AR-C|8:00 a 22:00|8:00 a 22:00|8:00 a 22:00|8:00 a 22:00|8:00 a 22:00|8:00 a 22:00|8:00 a 22:00
15|1|349|349 - CONSTITUCIÓN|Autoservicio|HUMBERTO PRIMERO|1696|-34.6214599|-58.3899576||CONSTITUCIÓN|00001103|CAPITAL FEDERAL|AR-C|8:00 a 22:00|8:00 a 22:00|8:00 a 22:00|8:00 a 22:00|8:00 a 22:00|8:00 a 22:00|8:00 a 22:00
15|1|350|350 - COLEGIALES|Autoservicio|AV ALVAREZ THOMAS|849|-34.5794505|-58.4541889||COLEGIALES|00001427|CAPITAL FEDERAL|AR-C|8:00 a 22:00|8:00 a 22:00|8:00 a 22:00|8:00 a 22:00|8:00 a 22:00|8:00 a 22:00|8:00 a 22:00
15|1|352|352 - CONSTITUCIÓN|Autoservicio|AV BERNARDO DE IRIGOYEN|1518|-34.6263387|-58.3789187||CONSTITUCIÓN|00001138|CAPITAL FEDERAL|AR-C|8:00 a 22:00|8:00 a 22:00|8:00 a 22:00|8:00 a 22:00|8:00 a 22:00|8:00 a 22:00|8:00 a 22:00
15|1|353|353 - GRAL PINTO|Autoservicio|ADOLFO ALSINA|540|-34.764896|-61.892818||GRAL PINTO|00006050|BUENOS AIRES|AR-B|8:00 a 22:00|8:00 a 22:00|8:00 a 22:00|8:00 a 22:00|8:00 a 22:00|8:00 a 22:00|8:00 a 22:00
15|1|354|354 - PARQUE CHAS|Autoservicio|AV DE LOS INCAS|4355|-34.580357|-58.472993||PARQUE CHAS|00001427|CAPITAL FEDERAL|AR-C|8:00 a 22:00|8:00 a 22:00|8:00 a 22:00|8:00 a 22:00|8:00 a 22:00|8:00 a 22:00|8:00 a 22:00
15|1|355|355 - BALVANERA|Autoservicio|AV RIVADAVIA|3050|-34.610235|-58.409618||BALVANERA|00001203|CAPITAL FEDERAL|AR-C|8:00 a 22:00|8:00 a 22:00|8:00 a 22:00|8:00 a 22:00|8:00 a 22:00|8:00 a 22:00|8:00 a 22:00
15|1|356|356 - VILLA SOLDATI|Autoservicio|AV FRANCISCO FERNANDEZ DE LA CRUZ|3596|-34.6643978|-58.4489591||VILLA SOLDATI|00001437|CAPITAL FEDERAL|AR-C|8:00 a 22:00|8:00 a 22:00|8:00 a 22:00|8:00 a 22:00|8:00 a 22:00|8:00 a 22:00|8:00 a 22:00
15|1|358|358 - PARQUE AVELLANEDA|Autoservicio|AV EVA PERON|4139|-34.651054|-58.4712834||PARQUE AVELLANEDA|00001407|CAPITAL FEDERAL|AR-C|8:00 a 22:00|8:00 a 22:00|8:00 a 22:00|8:00 a 22:00|8:00 a 22:00|8:00 a 22:00|8:00 a 22:00
15|1|367|367 - AMERICA|Autoservicio|SAN MARTIN|156|-35.487759|-62.975086||AMERICA|00006237|BUENOS AIRES|AR-B|8:00 a 22:00|8:00 a 22:00|8:00 a 22:00|8:00 a 22:00|8:00 a 22:00|8:00 a 22:00|8:00 a 22:00
15|1|391|391 - VILLA SANTA RITA|Autoservicio|AVNAZCA(VILLA SANTA RITA)|1316|-34.6182691|-58.476016||VILLA SANTA RITA|00001416|CAPITAL FEDERAL|AR-C|8:00 a 22:00|8:00 a 22:00|8:00 a 22:00|8:00 a 22:00|8:00 a 22:00|8:00 a 22:00|8:00 a 22:00
15|1|438|438 - FUNES|Autoservicio|CL ANGELOME|2066|-32.920926|-60.812213||FUNES|00002132|SANTA FE|AR-S|8:00 a 22:00|8:00 a 22:00|8:00 a 22:00|8:00 a 22:00|8:00 a 22:00|8:00 a 22:00|8:00 a 22:00
15|1|441|441 - RAUCH|Autoservicio|CORONEL SUAREZ|150|-36.777248|-59.088369||RAUCH|00007203|BUENOS AIRES|AR-B|8:00 a 22:00|8:00 a 22:00|8:00 a 22:00|8:00 a 22:00|8:00 a 22:00|8:00 a 22:00|8:00 a 22:00
15|1|571|571 - VEDIA|Autoservicio|ARENALES|147|-34.49526188|-61.54184014||VEDIA|00006030|BUENOS AIRES|AR-B|8:00 a 22:00|8:00 a 22:00|8:00 a 22:00|8:00 a 22:00|8:00 a 22:00|8:00 a 22:00|8:00 a 22:00
15|1|589|589 - PARANA-ENTRE RIOS|Autoservicio|BERNARDO O`HIGGINS|1693|-31.76506|-60.499191||PARANA-ENTRE RIOS|00003100|ENTRE RIOS|AR-E|8:00 a 22:00|8:00 a 22:00|8:00 a 22:00|8:00 a 22:00|8:00 a 22:00|8:00 a 22:00|8:00 a 22:00
15|1|593|593 - CRESPO|Autoservicio|AV BELGRANO|1163|-32.029752|-60.308533||CRESPO|00003116|ENTRE RIOS|AR-E|8:00 a 22:00|8:00 a 22:00|8:00 a 22:00|8:00 a 22:00|8:00 a 22:00|8:00 a 22:00|8:00 a 22:00
15|1|594|594 - MARIA GRANDE|Autoservicio|AV ARGENTINA|787|-31.660324|-59.914562||MARIA GRANDE|00003133|ENTRE RIOS|AR-E|8:00 a 22:00|8:00 a 22:00|8:00 a 22:00|8:00 a 22:00|8:00 a 22:00|8:00 a 22:00|8:00 a 22:00
15|1|597|597 - CAPITAL FEDERAL|Autoservicio|CL ECHEVERRIA|5130|-34.579757|-58.482059||CAPITAL FEDERAL|00001431|CAPITAL FEDERAL|AR-C|8:00 a 22:00|8:00 a 22:00|8:00 a 22:00|8:00 a 22:00|8:00 a 22:00|8:00 a 22:00|8:00 a 22:00
15|1|598|598 - SAN FERNANDO|Autoservicio|HIPOLITO IRIGOYEN|2224|-34.448064|-58.564094||SAN FERNANDO|00001646|BUENOS AIRES|AR-B|8:00 a 22:00|8:00 a 22:00|8:00 a 22:00|8:00 a 22:00|8:00 a 22:00|8:00 a 22:00|8:00 a 22:00
15|1|600|600 - PARANA-ENTRE RIOS|Autoservicio|AV FRANCISCO RAMIREZ|930|-31.725033|-60.514316||PARANA-ENTRE RIOS|00003100|ENTRE RIOS|AR-E|8:00 a 22:00|8:00 a 22:00|8:00 a 22:00|8:00 a 22:00|8:00 a 22:00|8:00 a 22:00|8:00 a 22:00
15|1|602|602 - MANANTIALES DPTO S.ROQUE|Autoservicio|CL JUAN G.DE COSSIO|1042|-28.574823|-58.710841||MANANTIALES DPTO S.ROQUE|00003448|CORRIENTES|AR-W|8:00 a 22:00|8:00 a 22:00|8:00 a 22:00|8:00 a 22:00|8:00 a 22:00|8:00 a 22:00|8:00 a 22:00
15|1|604|604 - EMPEDRADO|Autoservicio|CL SAN MARTIN|456|-27.954064|-58.808406||EMPEDRADO|00003418|CORRIENTES|AR-W|8:00 a 22:00|8:00 a 22:00|8:00 a 22:00|8:00 a 22:00|8:00 a 22:00|8:00 a 22:00|8:00 a 22:00
15|1|607|607 - CAPITAL FEDERAL|Autoservicio|GALLARDO|611|-34.63136|-58.524818||CAPITAL FEDERAL|00001408|CAPITAL FEDERAL|AR-C|8:00 a 22:00|8:00 a 22:00|8:00 a 22:00|8:00 a 22:00|8:00 a 22:00|8:00 a 22:00|8:00 a 22:00
15|1|608|608 - CAPITAL FEDERAL|Autoservicio|TONELERO|6906|-34.647987|-58.521936||CAPITAL FEDERAL|00001408|CAPITAL FEDERAL|AR-C|8:00 a 22:00|8:00 a 22:00|8:00 a 22:00|8:00 a 22:00|8:00 a 22:00|8:00 a 22:00|8:00 a 22:00
15|1|609|609 - PARANA-ENTRE RIOS|Autoservicio|LEANDRO N.ALEM|224|-31.73576|-60.52842||PARANA-ENTRE RIOS|00003100|ENTRE RIOS|AR-E|8:00 a 22:00|8:00 a 22:00|8:00 a 22:00|8:00 a 22:00|8:00 a 22:00|8:00 a 22:00|8:00 a 22:00
15|1|610|610 - CASUARINAS DPTO SALADAS|Autoservicio|BARTOLOME MITRE|951|-28.254287|-58.628393||CASUARINAS DPTO SALADAS|00003420|CORRIENTES|AR-W|8:00 a 22:00|8:00 a 22:00|8:00 a 22:00|8:00 a 22:00|8:00 a 22:00|8:00 a 22:00|8:00 a 22:00
15|1|611|611 - CAPITAL FEDERAL|Autoservicio|AV RICARDO BALBIN|2519|-34.5619|-58.4688||CAPITAL FEDERAL|00001428|CAPITAL FEDERAL|AR-C|8:00 a 22:00|8:00 a 22:00|8:00 a 22:00|8:00 a 22:00|8:00 a 22:00|8:00 a 22:00|8:00 a 22:00
15|1|612|612 - CAPITAL FEDERAL|Autoservicio|CL TRAFUL|3838|-34.651921|-58.414822||CAPITAL FEDERAL|00001437|CAPITAL FEDERAL|AR-C|8:00 a 22:00|8:00 a 22:00|8:00 a 22:00|8:00 a 22:00|8:00 a 22:00|8:00 a 22:00|8:00 a 22:00
15|1|614|614 - SAN CRISTÓBAL|Autoservicio|AV ENTRE RIOS|1525|-34.626499|-58.391304||SAN CRISTÓBAL|00001137|CAPITAL FEDERAL|AR-C|8:00 a 22:00|8:00 a 22:00|8:00 a 22:00|8:00 a 22:00|8:00 a 22:00|8:00 a 22:00|8:00 a 22:00
15|1|615|615 - CAPITAL FEDERAL|Autoservicio|CL SANTANDER|5960|-34.67331|-58.485941||CAPITAL FEDERAL|00001439|CAPITAL FEDERAL|AR-C|8:00 a 22:00|8:00 a 22:00|8:00 a 22:00|8:00 a 22:00|8:00 a 22:00|8:00 a 22:00|8:00 a 22:00
15|1|618|618 - CAPITAL FEDERAL|Autoservicio|AV CASEROS|4039|-34.639505|-58.421513||CAPITAL FEDERAL|00001263|CAPITAL FEDERAL|AR-C|8:00 a 22:00|8:00 a 22:00|8:00 a 22:00|8:00 a 22:00|8:00 a 22:00|8:00 a 22:00|8:00 a 22:00
15|1|619|619 - CAPITAL FEDERAL|Autoservicio|AV JUAN B. ALBERDI|2057|-34.629762|-58.457285||CAPITAL FEDERAL|00001406|CAPITAL FEDERAL|AR-C|8:00 a 22:00|8:00 a 22:00|8:00 a 22:00|8:00 a 22:00|8:00 a 22:00|8:00 a 22:00|8:00 a 22:00
15|1|620|620 - CAPITAL FEDERAL|Autoservicio|LACARRA|252|-34.6376|-58.484265||CAPITAL FEDERAL|00001407|CAPITAL FEDERAL|AR-C|8:00 a 22:00|8:00 a 22:00|8:00 a 22:00|8:00 a 22:00|8:00 a 22:00|8:00 a 22:00|8:00 a 22:00
15|1|621|621 - PARANA-ENTRE RIOS|Autoservicio|AV BLAS PARERA|714|-31.747483|-60.495454||PARANA-ENTRE RIOS|00003100|ENTRE RIOS|AR-E|8:00 a 22:00|8:00 a 22:00|8:00 a 22:00|8:00 a 22:00|8:00 a 22:00|8:00 a 22:00|8:00 a 22:00
15|1|623|623 - CORRIENTES ESTAFETA N 1|Autoservicio|AV LIBERTAD|5131|-27.466137|-58.788067||CORRIENTES ESTAFETA N 1|00003400|CORRIENTES|AR-W|8:00 a 22:00|8:00 a 22:00|8:00 a 22:00|8:00 a 22:00|8:00 a 22:00|8:00 a 22:00|8:00 a 22:00
15|1|624|624 - PARANA-ENTRE RIOS|Autoservicio|AV ALMAFUERTE|1160|-31.751415|-60.502862||PARANA-ENTRE RIOS|00003100|ENTRE RIOS|AR-E|8:00 a 22:00|8:00 a 22:00|8:00 a 22:00|8:00 a 22:00|8:00 a 22:00|8:00 a 22:00|8:00 a 22:00
15|1|625|625 - PARANA-ENTRE RIOS|Autoservicio|CL BENICIO LÒPEZ|1735|-31.773861|-60.500348||PARANA-ENTRE RIOS|00003100|ENTRE RIOS|AR-E|8:00 a 22:00|8:00 a 22:00|8:00 a 22:00|8:00 a 22:00|8:00 a 22:00|8:00 a 22:00|8:00 a 22:00
15|1|626|626 - PARANA-ENTRE RIOS|Autoservicio|AV ALMAFUERTE|2416|-31.757699|-60.487082||PARANA-ENTRE RIOS|00003100|ENTRE RIOS|AR-E|8:00 a 22:00|8:00 a 22:00|8:00 a 22:00|8:00 a 22:00|8:00 a 22:00|8:00 a 22:00|8:00 a 22:00
15|1|628|628 - CAPITAL FEDERAL|Autoservicio|AV SAN PEDRITO|662|-34.638538|-58.46603||CAPITAL FEDERAL|00001406|CAPITAL FEDERAL|AR-C|8:00 a 22:00|8:00 a 22:00|8:00 a 22:00|8:00 a 22:00|8:00 a 22:00|8:00 a 22:00|8:00 a 22:00
15|1|629|629 - CAPITAL FEDERAL|Autoservicio|CL GAVILAN|1020|-34.617898|-58.465272||CAPITAL FEDERAL|00001406|CAPITAL FEDERAL|AR-C|8:00 a 22:00|8:00 a 22:00|8:00 a 22:00|8:00 a 22:00|8:00 a 22:00|8:00 a 22:00|8:00 a 22:00
15|1|630|630 - CAPITAL FEDERAL|Autoservicio|AV CARRASCO|487|-34.631579|-58.491985||CAPITAL FEDERAL|00001407|CAPITAL FEDERAL|AR-C|8:00 a 22:00|8:00 a 22:00|8:00 a 22:00|8:00 a 22:00|8:00 a 22:00|8:00 a 22:00|8:00 a 22:00
15|1|631|631 - CAPITAL FEDERAL|Autoservicio|CL MORENO|968|-34.612132|-58.380073||CAPITAL FEDERAL|00001072|CAPITAL FEDERAL|AR-C|8:00 a 22:00|8:00 a 22:00|8:00 a 22:00|8:00 a 22:00|8:00 a 22:00|8:00 a 22:00|8:00 a 22:00
15|1|633|633 - CAPITAL FEDERAL|Autoservicio|CLFERRE|6432|-34.693683|-58.466428||CAPITAL FEDERAL|00001439|CAPITAL FEDERAL|AR-C|8:00 a 22:00|8:00 a 22:00|8:00 a 22:00|8:00 a 22:00|8:00 a 22:00|8:00 a 22:00|8:00 a 22:00
15|1|634|634 - CAPITAL FEDERAL|Autoservicio|AVLOPE DE VEGA|2623|-34.617358|-58.520218||CAPITAL FEDERAL|00001417|CAPITAL FEDERAL|AR-C|8:00 a 22:00|8:00 a 22:00|8:00 a 22:00|8:00 a 22:00|8:00 a 22:00|8:00 a 22:00|8:00 a 22:00
15|1|635|635 - PARANA-ENTRE RIOS|Autoservicio|CL SAN LUIS|448|-31.730358|-60.520138||PARANA-ENTRE RIOS|00003100|ENTRE RIOS|AR-E|8:00 a 22:00|8:00 a 22:00|8:00 a 22:00|8:00 a 22:00|8:00 a 22:00|8:00 a 22:00|8:00 a 22:00
15|1|639|639 - CAPITAL FEDERAL|Autoservicio|AV NAZCA|4821|-34.585139|-58.503143||CAPITAL FEDERAL|00001419|CAPITAL FEDERAL|AR-C|8:00 a 22:00|8:00 a 22:00|8:00 a 22:00|8:00 a 22:00|8:00 a 22:00|8:00 a 22:00|8:00 a 22:00
15|1|641|641 - CAPITAL FEDERAL|Autoservicio|DONADO|3538|-34.559629|-58.485879||CAPITAL FEDERAL|00001430|CAPITAL FEDERAL|AR-C|8:00 a 22:00|8:00 a 22:00|8:00 a 22:00|8:00 a 22:00|8:00 a 22:00|8:00 a 22:00|8:00 a 22:00
15|1|642|642 - CAPITAL FEDERAL|Autoservicio|AV FERNANDEZ DE LA CRUZ|1499|-34.647574|-58.42847||CAPITAL FEDERAL|00001437|CAPITAL FEDERAL|AR-C|8:00 a 22:00|8:00 a 22:00|8:00 a 22:00|8:00 a 22:00|8:00 a 22:00|8:00 a 22:00|8:00 a 22:00
15|1|644|644 - CAPITAL FEDERAL|Autoservicio|AV PTE.JUAN DOMINGO PERÒN|4279|-34.61403|-58.404993||CAPITAL FEDERAL|00001083|CAPITAL FEDERAL|AR-C|8:00 a 22:00|8:00 a 22:00|8:00 a 22:00|8:00 a 22:00|8:00 a 22:00|8:00 a 22:00|8:00 a 22:00
15|1|647|647 - CAPITAL FEDERAL|Autoservicio|AV JOSE MARIA MORENO|1216|-34.632718|-58.432586||CAPITAL FEDERAL|00001424|CAPITAL FEDERAL|AR-C|8:00 a 22:00|8:00 a 22:00|8:00 a 22:00|8:00 a 22:00|8:00 a 22:00|8:00 a 22:00|8:00 a 22:00
15|1|649|649 - CAPITAL FEDERAL|Autoservicio|AV CARABOBO|1442|-34.640836|-58.446681||CAPITAL FEDERAL|00001406|CAPITAL FEDERAL|AR-C|8:00 a 22:00|8:00 a 22:00|8:00 a 22:00|8:00 a 22:00|8:00 a 22:00|8:00 a 22:00|8:00 a 22:00
15|1|651|651 - MERCEDES|Autoservicio|SAN MARTIN|2300|-29.180501|-58.092937||MERCEDES|00003470|CORRIENTES|AR-W|8:00 a 22:00|8:00 a 22:00|8:00 a 22:00|8:00 a 22:00|8:00 a 22:00|8:00 a 22:00|8:00 a 22:00
15|1|654|654 - PARANA-ENTRE RIOS|Autoservicio|BANDA ORIENTAL|757|-31.761705|-60.511164||PARANA-ENTRE RIOS|00003100|ENTRE RIOS|AR-E|8:00 a 22:00|8:00 a 22:00|8:00 a 22:00|8:00 a 22:00|8:00 a 22:00|8:00 a 22:00|8:00 a 22:00
15|1|655|655 - PARANA-ENTRE RIOS|Autoservicio|AV INTENDENTE DEL CASTILLO|133|-31.828076|-60.517674||PARANA-ENTRE RIOS|00003101|ENTRE RIOS|AR-E|8:00 a 22:00|8:00 a 22:00|8:00 a 22:00|8:00 a 22:00|8:00 a 22:00|8:00 a 22:00|8:00 a 22:00
15|1|657|657 - CAPITAL FEDERAL|Autoservicio|WENCESLAO VILLAFAÑE|1310|-34.635218|-58.371168||CAPITAL FEDERAL|00001295|CAPITAL FEDERAL|AR-C|8:00 a 22:00|8:00 a 22:00|8:00 a 22:00|8:00 a 22:00|8:00 a 22:00|8:00 a 22:00|8:00 a 22:00
15|1|658|658 - CAPITAL FEDERAL|Autoservicio|PRES. MANUEL QUINTANA|360|-34.589813|-58.388666||CAPITAL FEDERAL|00001014|CAPITAL FEDERAL|AR-C|8:00 a 22:00|8:00 a 22:00|8:00 a 22:00|8:00 a 22:00|8:00 a 22:00|8:00 a 22:00|8:00 a 22:00
15|1|659|659 - PARANA-ENTRE RIOS|Autoservicio|ENRIQUE CARBÒ|701|-31.74122|-60.523474||PARANA-ENTRE RIOS|00003100|ENTRE RIOS|AR-E|8:00 a 22:00|8:00 a 22:00|8:00 a 22:00|8:00 a 22:00|8:00 a 22:00|8:00 a 22:00|8:00 a 22:00
15|1|661|661 - CAPITAL FEDERAL|Autoservicio|PLAZA|1474|-34.578149|-58.46802||CAPITAL FEDERAL|00001427|CAPITAL FEDERAL|AR-C|8:00 a 22:00|8:00 a 22:00|8:00 a 22:00|8:00 a 22:00|8:00 a 22:00|8:00 a 22:00|8:00 a 22:00
15|1|663|663 - CAPITAL FEDERAL|Autoservicio|AV CHICLANA|3174|-34.628733|-58.405357||CAPITAL FEDERAL|00001259|CAPITAL FEDERAL|AR-C|8:00 a 22:00|8:00 a 22:00|8:00 a 22:00|8:00 a 22:00|8:00 a 22:00|8:00 a 22:00|8:00 a 22:00
15|1|664|664 - PARANA-ENTRE RIOS|Autoservicio|NARCIZO LAPRIDA|713|-31.725625|-60.538902||PARANA-ENTRE RIOS|00003100|ENTRE RIOS|AR-E|8:00 a 22:00|8:00 a 22:00|8:00 a 22:00|8:00 a 22:00|8:00 a 22:00|8:00 a 22:00|8:00 a 22:00
15|1|668|668 - CAPITAL FEDERAL|Autoservicio|AV CALLAO|1337|-34.593456|-58.392671||CAPITAL FEDERAL|00001023|CAPITAL FEDERAL|AR-C|8:00 a 22:00|8:00 a 22:00|8:00 a 22:00|8:00 a 22:00|8:00 a 22:00|8:00 a 22:00|8:00 a 22:00
15|1|669|669 - CAPITAL FEDERAL|Autoservicio|HOLMBERG|2797|-34.56613|-58.479529||CAPITAL FEDERAL|00001417|CAPITAL FEDERAL|AR-C|8:00 a 22:00|8:00 a 22:00|8:00 a 22:00|8:00 a 22:00|8:00 a 22:00|8:00 a 22:00|8:00 a 22:00
15|1|670|670 - CAPITAL FEDERAL|Autoservicio|LIBERTAD|1271|-34.593364|-58.384229||CAPITAL FEDERAL|00001012|CAPITAL FEDERAL|AR-C|8:00 a 22:00|8:00 a 22:00|8:00 a 22:00|8:00 a 22:00|8:00 a 22:00|8:00 a 22:00|8:00 a 22:00
15|1|671|671 - CAPITAL FEDERAL|Autoservicio|AV NAZCA|3189|-34.5991221|-58.491221||CAPITAL FEDERAL|00001417|CAPITAL FEDERAL|AR-C|8:00 a 22:00|8:00 a 22:00|8:00 a 22:00|8:00 a 22:00|8:00 a 22:00|8:00 a 22:00|8:00 a 22:00
15|1|672|672 - CAPITAL FEDERAL|Autoservicio|DEL BARCO CENTENERA|2279|-34.599153|-58.491221||CAPITAL FEDERAL|00001437|CAPITAL FEDERAL|AR-C|8:00 a 22:00|8:00 a 22:00|8:00 a 22:00|8:00 a 22:00|8:00 a 22:00|8:00 a 22:00|8:00 a 22:00
15|1|673|673 - CAPITAL FEDERAL|Autoservicio|LIMA|913|-34.618786|-58.381768||CAPITAL FEDERAL|00001073|CAPITAL FEDERAL|AR-C|8:00 a 22:00|8:00 a 22:00|8:00 a 22:00|8:00 a 22:00|8:00 a 22:00|8:00 a 22:00|8:00 a 22:00
15|1|675|675 - SAN ANTONIO DE ARECO|Autoservicio|AV SMITH|325|-34.245831|-59.464059||SAN ANTONIO DE ARECO|00002760|BUENOS AIRES|AR-B|8:00 a 22:00|8:00 a 22:00|8:00 a 22:00|8:00 a 22:00|8:00 a 22:00|8:00 a 22:00|8:00 a 22:00
15|1|677|677 - SEGUI|Autoservicio|URQUIZA|798|-31.955209|-60.125891||SEGUI|00003117|ENTRE RIOS|AR-E|8:00 a 22:00|8:00 a 22:00|8:00 a 22:00|8:00 a 22:00|8:00 a 22:00|8:00 a 22:00|8:00 a 22:00
15|1|678|678 - CAPITAL FEDERAL|Autoservicio|AV ALVAREZ JONTE|4058|-34.615627|-58.497314||CAPITAL FEDERAL|00001407|CAPITAL FEDERAL|AR-C|8:00 a 22:00|8:00 a 22:00|8:00 a 22:00|8:00 a 22:00|8:00 a 22:00|8:00 a 22:00|8:00 a 22:00
15|1|682|682 - CAPITAL FEDERAL|Autoservicio|AV EVA PERON|3568|-34.645374|-58.465164||CAPITAL FEDERAL|00001406|CAPITAL FEDERAL|AR-C|8:00 a 22:00|8:00 a 22:00|8:00 a 22:00|8:00 a 22:00|8:00 a 22:00|8:00 a 22:00|8:00 a 22:00
15|1|684|684 - CAPITAL FEDERAL|Autoservicio|AV VARELA|1078|-34.64076|-58.456776||CAPITAL FEDERAL|00001406|CAPITAL FEDERAL|AR-C|8:00 a 22:00|8:00 a 22:00|8:00 a 22:00|8:00 a 22:00|8:00 a 22:00|8:00 a 22:00|8:00 a 22:00
15|1|685|685 - CAPITAL FEDERAL|Autoservicio|CL CAÑADA DE GOMEZ|4830|-34.685415|-58.474362||CAPITAL FEDERAL|00001439|CAPITAL FEDERAL|AR-C|8:00 a 22:00|8:00 a 22:00|8:00 a 22:00|8:00 a 22:00|8:00 a 22:00|8:00 a 22:00|8:00 a 22:00
15|1|686|686 - CAPITAL FEDERAL|Autoservicio|AV RIVADAVIA|9150|-34.636747|-58.492625||CAPITAL FEDERAL|00001407|CAPITAL FEDERAL|AR-C|8:00 a 22:00|8:00 a 22:00|8:00 a 22:00|8:00 a 22:00|8:00 a 22:00|8:00 a 22:00|8:00 a 22:00
15|1|691|691 - COLEGIALES|Autoservicio|AV FEDERICO LACROZE|3178|-34.57782883|-58.44904154||COLEGIALES|00001426|CAPITAL FEDERAL|AR-C|8:00 a 22:00|8:00 a 22:00|8:00 a 22:00|8:00 a 22:00|8:00 a 22:00|8:00 a 22:00|8:00 a 22:00
15|1|693|693 - PARQUE CHACABUCO|Autoservicio|JOSE MARIA MORENO|1654|-34.6375623|-58.4319886||PARQUE CHACABUCO|00001406|CAPITAL FEDERAL|AR-C|8:00 a 22:00|8:00 a 22:00|8:00 a 22:00|8:00 a 22:00|8:00 a 22:00|8:00 a 22:00|8:00 a 22:00
15|1|694|694 - VILLA GENERAL MITRE|Autoservicio|NAZCA|2063|-34.6107613|-58.4818952||VILLA GENERAL MITRE|00001416|CAPITAL FEDERAL|AR-C|8:00 a 22:00|8:00 a 22:00|8:00 a 22:00|8:00 a 22:00|8:00 a 22:00|8:00 a 22:00|8:00 a 22:00
15|1|697|697 - NUEVA POMPEYA|Autoservicio|RIO CUARTO|3958|-34.653559|-58.404483||NUEVA POMPEYA|00001437|CAPITAL FEDERAL|AR-C|8:00 a 22:00|8:00 a 22:00|8:00 a 22:00|8:00 a 22:00|8:00 a 22:00|8:00 a 22:00|8:00 a 22:00
15|1|700|700 - VILLA REAL|Autoservicio|LOPE DE VEGA|2159|-34.6205421|-58.5165333||VILLA REAL|00001417|CAPITAL FEDERAL|AR-C|8:00 a 22:00|8:00 a 22:00|8:00 a 22:00|8:00 a 22:00|8:00 a 22:00|8:00 a 22:00|8:00 a 22:00
15|1|703|703 - LA BOCA|Autoservicio|REGIMIENTO PATRICIOS|134|-34.6310944|-58.3704685||LA BOCA|00001265|CAPITAL FEDERAL|AR-C|8:00 a 22:00|8:00 a 22:00|8:00 a 22:00|8:00 a 22:00|8:00 a 22:00|8:00 a 22:00|8:00 a 22:00
15|1|738|738 - VILLA GENERAL MITRE|Autoservicio|AV DONATO ALVAREZ|1887|-34.6056819|-58.4634946||VILLA GENERAL MITRE|00001416|CAPITAL FEDERAL|AR-C|8:00 a 22:00|8:00 a 22:00|8:00 a 22:00|8:00 a 22:00|8:00 a 22:00|8:00 a 22:00|8:00 a 22:00
15|1|739|739 - LA PATERNAL|Autoservicio|PAYSANDU|1816|-34.6041648|-58.4586699||LA PATERNAL|00001416|CAPITAL FEDERAL|AR-C|8:00 a 22:00|8:00 a 22:00|8:00 a 22:00|8:00 a 22:00|8:00 a 22:00|8:00 a 22:00|8:00 a 22:00
15|1|740|740 - CAPITAL FEDERAL|Autoservicio|AV DIRECTORIO|6939|-34.662714|-58.506603||CAPITAL FEDERAL|00001440|CAPITAL FEDERAL|AR-C|8:00 a 22:00|8:00 a 22:00|8:00 a 22:00|8:00 a 22:00|8:00 a 22:00|8:00 a 22:00|8:00 a 22:00
15|1|742|742 - PARQUE CHACABUCO|Autoservicio|PAVON|3743|-34.630292|-58.4170172||PARQUE CHACABUCO|00001253|CAPITAL FEDERAL|AR-C|8:00 a 22:00|8:00 a 22:00|8:00 a 22:00|8:00 a 22:00|8:00 a 22:00|8:00 a 22:00|8:00 a 22:00
15|1|753|753 - MONTE CASTRO|Autoservicio|JUSTO GERMAN BERMUDEZ|2058|-34.6196191|-58.5093585||MONTE CASTRO|00001417|CAPITAL FEDERAL|AR-C|8:00 a 22:00|8:00 a 22:00|8:00 a 22:00|8:00 a 22:00|8:00 a 22:00|8:00 a 22:00|8:00 a 22:00
15|1|813|813 - SALTA|Autoservicio|LAS GOLONDRINAS|1512|-24.849116|-65.43395||SALTA|00004412|SALTA|AR-A|8:00 a 22:00|8:00 a 22:00|8:00 a 22:00|8:00 a 22:00|8:00 a 22:00|8:00 a 22:00|8:00 a 22:00
15|1|815|815 - SALTA|Autoservicio|CORDOBA|765|-24.797052|-65.398579||SALTA|00004422|SALTA|AR-A|8:00 a 22:00|8:00 a 22:00|8:00 a 22:00|8:00 a 22:00|8:00 a 22:00|8:00 a 22:00|8:00 a 22:00
15|1|819|819 - CERRILLOS|Autoservicio|CABRED|23|-24.905302|-65.48719||CERRILLOS|00004403|SALTA|AR-A|8:00 a 22:00|8:00 a 22:00|8:00 a 22:00|8:00 a 22:00|8:00 a 22:00|8:00 a 22:00|8:00 a 22:00
15|1|820|820 - SALTA|Autoservicio|AV DE LAS AMERICAS|955|-24.812077|-65.383161||SALTA|00004406|SALTA|AR-A|8:00 a 22:00|8:00 a 22:00|8:00 a 22:00|8:00 a 22:00|8:00 a 22:00|8:00 a 22:00|8:00 a 22:00
15|1|821|821 - JOAQUIN V GONZALEZ|Autoservicio|AV GRAL. GUEMES|170|-24.7871267|-65.4177599||JOAQUIN V GONZALEZ|00004448|SALTA|AR-A|8:00 a 22:00|8:00 a 22:00|8:00 a 22:00|8:00 a 22:00|8:00 a 22:00|8:00 a 22:00|8:00 a 22:00
15|1|944|944 - BALVANERA|Autoservicio|MORENO|1744|-34.61268|-58.391306||BALVANERA|00001093|CAPITAL FEDERAL|AR-C|8:00 a 22:00|8:00 a 22:00|8:00 a 22:00|8:00 a 22:00|8:00 a 22:00|8:00 a 22:00|8:00 a 22:00
15|1|946|946 - VILLA DEL PARQUE|Autoservicio|NAZCA|2325|-34.6085744|-58.4836744||VILLA DEL PARQUE|00001416|CAPITAL FEDERAL|AR-C|8:00 a 22:00|8:00 a 22:00|8:00 a 22:00|8:00 a 22:00|8:00 a 22:00|8:00 a 22:00|8:00 a 22:00
15|1|1002|1002 - ADROGUE|Autoservicio|CL ESPORA|1462|-34.80887|-58.388804||ADROGUE|00001846|BUENOS AIRES|AR-B|8:00 a 22:00|8:00 a 22:00|8:00 a 22:00|8:00 a 22:00|8:00 a 22:00|8:00 a 22:00|8:00 a 22:00
15|1|1003|1003 - GRAND BOURG|Autoservicio|CL EL CALLAO|1242|-34.4887679|-58.7246946||GRAND BOURG|00001615|BUENOS AIRES|AR-B|8:00 a 22:00|8:00 a 22:00|8:00 a 22:00|8:00 a 22:00|8:00 a 22:00|8:00 a 22:00|8:00 a 22:00
15|1|1004|1004 - MUNRO|Autoservicio|CL DALMANICO VELEZ SARFIELD|4864|-34.531566|-58.5262106||MUNRO|00001605|BUENOS AIRES|AR-B|8:00 a 22:00|8:00 a 22:00|8:00 a 22:00|8:00 a 22:00|8:00 a 22:00|8:00 a 22:00|8:00 a 22:00
15|1|1006|1006 - TABLADA|Autoservicio|CL J. S. CROVARA|2472|-34.6878905|-58.5225796||TABLADA|00001766|BUENOS AIRES|AR-B|8:00 a 22:00|8:00 a 22:00|8:00 a 22:00|8:00 a 22:00|8:00 a 22:00|8:00 a 22:00|8:00 a 22:00
15|1|1007|1007 - ITUIZANGO|Autoservicio|CL CNL.C.F.DE BRANDSEN|1957|-34.643977|-58.683783||ITUIZANGO|00001714|BUENOS AIRES|AR-B|8:00 a 22:00|8:00 a 22:00|8:00 a 22:00|8:00 a 22:00|8:00 a 22:00|8:00 a 22:00|8:00 a 22:00
15|1|1008|1008 - SAN ISIDRO|Autoservicio|CL BERNARDO ADER|775|-34.5189208|-58.5605106||SAN ISIDRO|00001609|BUENOS AIRES|AR-B|8:00 a 22:00|8:00 a 22:00|8:00 a 22:00|8:00 a 22:00|8:00 a 22:00|8:00 a 22:00|8:00 a 22:00
15|1|1009|1009 - LOMAS DEL MIRADOR|Autoservicio|CL EVA PERON|297|-34.6574848|-58.5407918||LOMAS DEL MIRADOR|00001752|BUENOS AIRES|AR-B|8:00 a 22:00|8:00 a 22:00|8:00 a 22:00|8:00 a 22:00|8:00 a 22:00|8:00 a 22:00|8:00 a 22:00
15|1|1010|1010 - LOMAS DE ZAMORA|Autoservicio|CL SANTA FE.|500|-34.751627|-58.419417||LOMAS DE ZAMORA|00001832|BUENOS AIRES|AR-B|8:00 a 22:00|8:00 a 22:00|8:00 a 22:00|8:00 a 22:00|8:00 a 22:00|8:00 a 22:00|8:00 a 22:00
15|1|1011|1011 - CASTELAR|Autoservicio|CL ZEBALLOS|3028|-34.656602|-58.6486973||CASTELAR|00001712|BUENOS AIRES|AR-B|8:00 a 22:00|8:00 a 22:00|8:00 a 22:00|8:00 a 22:00|8:00 a 22:00|8:00 a 22:00|8:00 a 22:00
15|1|1012|1012 - MONTE GRANDE|Autoservicio|CL DREYER Y ALEM|1600|-34.830925|-58.457272||MONTE GRANDE|00001842|BUENOS AIRES|AR-B|8:00 a 22:00|8:00 a 22:00|8:00 a 22:00|8:00 a 22:00|8:00 a 22:00|8:00 a 22:00|8:00 a 22:00
15|1|1014|1014 - PABLO PODESTA|Autoservicio|CL GABINO EZEIZA ESQ BRASIL|8650|-34.571709|-58.602061||PABLO PODESTA|00001657|BUENOS AIRES|AR-B|8:00 a 22:00|8:00 a 22:00|8:00 a 22:00|8:00 a 22:00|8:00 a 22:00|8:00 a 22:00|8:00 a 22:00
15|1|1015|1015 - MORENO|Autoservicio|AV BARTOLOME MITRE|3244|-34.647481|-58.796414||MORENO|00001744|BUENOS AIRES|AR-B|8:00 a 22:00|8:00 a 22:00|8:00 a 22:00|8:00 a 22:00|8:00 a 22:00|8:00 a 22:00|8:00 a 22:00
15|1|1017|1017 - FLORENCIO VARELA|Autoservicio|AV BELGICA|61|-34.819423|-58.27799||FLORENCIO VARELA|00001888|BUENOS AIRES|AR-B|8:00 a 22:00|8:00 a 22:00|8:00 a 22:00|8:00 a 22:00|8:00 a 22:00|8:00 a 22:00|8:00 a 22:00
15|1|1018|1018 - CHASCOMUS|Autoservicio|CL J.M.DE ROSAS Y TUCUMAN|800|-35.561416|-58.017385||CHASCOMUS|00007130|BUENOS AIRES|AR-B|8:00 a 22:00|8:00 a 22:00|8:00 a 22:00|8:00 a 22:00|8:00 a 22:00|8:00 a 22:00|8:00 a 22:00
15|1|1019|1019 - MORENO|Autoservicio|AV LIBERTADOR|1501|-34.633596|-58.783554||MORENO|00001744|BUENOS AIRES|AR-B|8:00 a 22:00|8:00 a 22:00|8:00 a 22:00|8:00 a 22:00|8:00 a 22:00|8:00 a 22:00|8:00 a 22:00
15|1|1021|1021 - RAFAEL CALZADA|Autoservicio|AV SAN MARTIN|3429|-34.7920076|-58.3575072||RAFAEL CALZADA|00001847|BUENOS AIRES|AR-B|8:00 a 22:00|8:00 a 22:00|8:00 a 22:00|8:00 a 22:00|8:00 a 22:00|8:00 a 22:00|8:00 a 22:00
15|1|1022|1022 - MARTIN CORONADO|Autoservicio|CL PRES.JUAN D.PERON|7230|-34.586125|-58.595549||MARTIN CORONADO|00001682|BUENOS AIRES|AR-B|8:00 a 22:00|8:00 a 22:00|8:00 a 22:00|8:00 a 22:00|8:00 a 22:00|8:00 a 22:00|8:00 a 22:00
15|1|1023|1023 - BERAZATEGUI|Autoservicio|CL CALLE N°14|3880|-34.7672566|-58.2195186||BERAZATEGUI|00001884|BUENOS AIRES|AR-B|8:00 a 22:00|8:00 a 22:00|8:00 a 22:00|8:00 a 22:00|8:00 a 22:00|8:00 a 22:00|8:00 a 22:00
15|1|1024|1024 - MONTE GRANDE|Autoservicio|CL NUEST. MALVINAS Y D.FUNES|1024|-34.804783|-58.477246||MONTE GRANDE|00001842|BUENOS AIRES|AR-B|8:00 a 22:00|8:00 a 22:00|8:00 a 22:00|8:00 a 22:00|8:00 a 22:00|8:00 a 22:00|8:00 a 22:00
15|1|1025|1025 - DOLORES|Autoservicio|CL BS.AS.ESQ.PUEYRREDON|400|-36.313707|-57.680161||DOLORES|00007100|BUENOS AIRES|AR-B|8:00 a 22:00|8:00 a 22:00|8:00 a 22:00|8:00 a 22:00|8:00 a 22:00|8:00 a 22:00|8:00 a 22:00
15|1|1026|1026 - CASTELAR|Autoservicio|AV GDOR. INOCENCIO ARIAS|2983|-34.6498757|-58.6504339||CASTELAR|00001712|BUENOS AIRES|AR-B|8:00 a 22:00|8:00 a 22:00|8:00 a 22:00|8:00 a 22:00|8:00 a 22:00|8:00 a 22:00|8:00 a 22:00
15|1|1027|1027 - ITUIZANGO|Autoservicio|CL F.L.BELTRAN Y GRAL PINTO|2269|-34.682558|-58.666738||ITUIZANGO|00001714|BUENOS AIRES|AR-B|8:00 a 22:00|8:00 a 22:00|8:00 a 22:00|8:00 a 22:00|8:00 a 22:00|8:00 a 22:00|8:00 a 22:00
15|1|1028|1028 - VILLA TESEI|Autoservicio|CL PEDRO DIAZ ESQ. EL ZORZAL|1098|-34.608716|-58.643543||VILLA TESEI|00001688|BUENOS AIRES|AR-B|8:00 a 22:00|8:00 a 22:00|8:00 a 22:00|8:00 a 22:00|8:00 a 22:00|8:00 a 22:00|8:00 a 22:00
15|1|1030|1030 - DON TORCUATO|Autoservicio|AV ANGEL TORCUATO DE ALVEAR|2235|-34.490438|-58.624077||DON TORCUATO|00001611|BUENOS AIRES|AR-B|8:00 a 22:00|8:00 a 22:00|8:00 a 22:00|8:00 a 22:00|8:00 a 22:00|8:00 a 22:00|8:00 a 22:00
15|1|1031|1031 - TEMPERLEY|Autoservicio|AV EVA PERON|950|-34.7735937|-58.384968||TEMPERLEY|00001834|BUENOS AIRES|AR-B|8:00 a 22:00|8:00 a 22:00|8:00 a 22:00|8:00 a 22:00|8:00 a 22:00|8:00 a 22:00|8:00 a 22:00
15|1|1032|1032 - GENERAL RODRIGUEZ|Autoservicio|CL BLVD.BRO. DE IRIGOYEN|1326|-34.61042|-58.944474||GENERAL RODRIGUEZ|00001748|BUENOS AIRES|AR-B|8:00 a 22:00|8:00 a 22:00|8:00 a 22:00|8:00 a 22:00|8:00 a 22:00|8:00 a 22:00|8:00 a 22:00
15|1|1034|1034 - ENSENADA|Autoservicio|AV 122 ENTRE CALLE 38 Y 40|39|-34.892971|-57.945932||ENSENADA|00001925|BUENOS AIRES|AR-B|8:00 a 22:00|8:00 a 22:00|8:00 a 22:00|8:00 a 22:00|8:00 a 22:00|8:00 a 22:00|8:00 a 22:00
15|1|1035|1035 - MORON|Autoservicio|CL AGUERO ESQUINA BALCARCE|935|-34.666094|-58.616849||MORON|00001708|BUENOS AIRES|AR-B|8:00 a 22:00|8:00 a 22:00|8:00 a 22:00|8:00 a 22:00|8:00 a 22:00|8:00 a 22:00|8:00 a 22:00
15|1|1036|1036 - ESCOBAR|Autoservicio|CL 25 DE MAYO ( RUTA25 )|700|-34.35006|-58.7914597||ESCOBAR|00001625|BUENOS AIRES|AR-B|8:00 a 22:00|8:00 a 22:00|8:00 a 22:00|8:00 a 22:00|8:00 a 22:00|8:00 a 22:00|8:00 a 22:00
15|1|1037|1037 - JOSE C. PAZ|Autoservicio|AV PTE HIPOLITO IRIGOYEN (RP 24)|40|-34.5096952|-58.7296151||JOSE C. PAZ|00001665|BUENOS AIRES|AR-B|8:00 a 22:00|8:00 a 22:00|8:00 a 22:00|8:00 a 22:00|8:00 a 22:00|8:00 a 22:00|8:00 a 22:00
15|1|1038|1038 - VICENTE LOPEZ|Autoservicio|AV MITRE|4211|-34.5141769|-58.5305171||VICENTE LOPEZ|00001605|BUENOS AIRES|AR-B|8:00 a 22:00|8:00 a 22:00|8:00 a 22:00|8:00 a 22:00|8:00 a 22:00|8:00 a 22:00|8:00 a 22:00
15|1|1039|1039 - LOMAS DE ZAMORA|Autoservicio|AV EVA PERON|2948|-34.7616457|-58.3619447||LOMAS DE ZAMORA|00001834|BUENOS AIRES|AR-B|8:00 a 22:00|8:00 a 22:00|8:00 a 22:00|8:00 a 22:00|8:00 a 22:00|8:00 a 22:00|8:00 a 22:00
15|1|1040|1040 - JOSE C. PAZ|Autoservicio|AV CROACIA|1196|-34.5218226|-58.7876928||JOSE C. PAZ|00001665|BUENOS AIRES|AR-B|8:00 a 22:00|8:00 a 22:00|8:00 a 22:00|8:00 a 22:00|8:00 a 22:00|8:00 a 22:00|8:00 a 22:00
15|1|1041|1041 - LOMAS DE ZAMORA|Autoservicio|AV M. RODRIGUEZ Y G. MISTRAL|950|-34.7329159|-58.4289309||LOMAS DE ZAMORA|00001828|BUENOS AIRES|AR-B|8:00 a 22:00|8:00 a 22:00|8:00 a 22:00|8:00 a 22:00|8:00 a 22:00|8:00 a 22:00|8:00 a 22:00
15|1|1043|1043 - GUALEGUAY|Autoservicio|CL MAIPU|234|-33.149666|-59.316711||GUALEGUAY|00002840|ENTRE RIOS|AR-E|8:00 a 22:00|8:00 a 22:00|8:00 a 22:00|8:00 a 22:00|8:00 a 22:00|8:00 a 22:00|8:00 a 22:00
15|1|1044|1044 - VILLAGUAY|Autoservicio|CL SAN MARTIN|1524|-31.855744|-59.027234||VILLAGUAY|00003240|ENTRE RIOS|AR-E|8:00 a 22:00|8:00 a 22:00|8:00 a 22:00|8:00 a 22:00|8:00 a 22:00|8:00 a 22:00|8:00 a 22:00
15|1|1045|1045 - CONCORDIA|Autoservicio|AV ALVEAR|954|-31.3902116|-58.0243081||CONCORDIA|00003200|ENTRE RIOS|AR-E|8:00 a 22:00|8:00 a 22:00|8:00 a 22:00|8:00 a 22:00|8:00 a 22:00|8:00 a 22:00|8:00 a 22:00
15|1|1046|1046 - CHAJARI|Autoservicio|AV ALEM|1960|-30.761145|-57.996407||CHAJARI|00003228|ENTRE RIOS|AR-E|8:00 a 22:00|8:00 a 22:00|8:00 a 22:00|8:00 a 22:00|8:00 a 22:00|8:00 a 22:00|8:00 a 22:00
15|1|1047|1047 - AVELLANEDA|Autoservicio|AV BELGRANO|4222|-34.691239|-58.337871||AVELLANEDA|00001874|BUENOS AIRES|AR-B|8:00 a 22:00|8:00 a 22:00|8:00 a 22:00|8:00 a 22:00|8:00 a 22:00|8:00 a 22:00|8:00 a 22:00
15|1|1050|1050 - PARANA-ENTRE RIOS|Autoservicio|CL DON BOSCO|53|-31.7330526|-60.515308||PARANA-ENTRE RIOS|00003100|ENTRE RIOS|AR-E|8:00 a 22:00|8:00 a 22:00|8:00 a 22:00|8:00 a 22:00|8:00 a 22:00|8:00 a 22:00|8:00 a 22:00
15|1|1054|1054 - LA PAZ|Autoservicio|SAN MARTIN|1320|-30.7449462|-59.6445363||LA PAZ|00003190|ENTRE RIOS|AR-E|8:00 a 22:00|8:00 a 22:00|8:00 a 22:00|8:00 a 22:00|8:00 a 22:00|8:00 a 22:00|8:00 a 22:00
15|1|1055|1055 - CONCEPC DEL URUGUAY|Autoservicio|SARMIENTO|1552|-32.4838219|-58.2330284||CONCEPC DEL URUGUAY|00003260|ENTRE RIOS|AR-E|8:00 a 22:00|8:00 a 22:00|8:00 a 22:00|8:00 a 22:00|8:00 a 22:00|8:00 a 22:00|8:00 a 22:00
15|1|1056|1056 - CONCORDIA|Autoservicio|EVA PERON|1480|-31.3822684|-58.014364||CONCORDIA|00003200|ENTRE RIOS|AR-E|8:00 a 22:00|8:00 a 22:00|8:00 a 22:00|8:00 a 22:00|8:00 a 22:00|8:00 a 22:00|8:00 a 22:00
15|1|1059|1059 - SANTA FE|Autoservicio|CL SALTA|2817|-31.649562|-60.7106075||SANTA FE|00003000|SANTA FE|AR-S|8:00 a 22:00|8:00 a 22:00|8:00 a 22:00|8:00 a 22:00|8:00 a 22:00|8:00 a 22:00|8:00 a 22:00
15|1|1060|1060 - VILLA MARIA|Autoservicio|LEANDRO N. ALEM|429|-32.4078411|-63.2485416||VILLA MARIA|00005900|CORDOBA|AR-X|8:00 a 22:00|8:00 a 22:00|8:00 a 22:00|8:00 a 22:00|8:00 a 22:00|8:00 a 22:00|8:00 a 22:00
15|1|1061|1061 - PARANA-ENTRE RIOS|Autoservicio|AV DE LAS AMERICAS|2631|-31.7594788|-60.5276976||PARANA-ENTRE RIOS|00003100|ENTRE RIOS|AR-E|8:00 a 22:00|8:00 a 22:00|8:00 a 22:00|8:00 a 22:00|8:00 a 22:00|8:00 a 22:00|8:00 a 22:00
15|1|1063|1063 - MONTE CASEROS|Autoservicio|PERELLO|279|-30.250668|-57.63942||MONTE CASEROS|00003220|CORRIENTES|AR-W|8:00 a 22:00|8:00 a 22:00|8:00 a 22:00|8:00 a 22:00|8:00 a 22:00|8:00 a 22:00|8:00 a 22:00
15|1|1064|1064 - CURUZU-CUATIA|Autoservicio|RIVADAVIA|646|-29.791304|-58.055256||CURUZU-CUATIA|00003460|CORRIENTES|AR-W|8:00 a 22:00|8:00 a 22:00|8:00 a 22:00|8:00 a 22:00|8:00 a 22:00|8:00 a 22:00|8:00 a 22:00
15|1|1066|1066 - VILLA LUGANO|Autoservicio|AV PIEDRABUENA|3941|-34.6783452|-58.4873173||VILLA LUGANO|00001439|CAPITAL FEDERAL|AR-C|8:00 a 22:00|8:00 a 22:00|8:00 a 22:00|8:00 a 22:00|8:00 a 22:00|8:00 a 22:00|8:00 a 22:00
15|1|1068|1068 - SANTO TOME|Autoservicio|RIVADAVIA|1871|-31.6653404|-60.7653809||SANTO TOME|00003016|SANTA FE|AR-S|8:00 a 22:00|8:00 a 22:00|8:00 a 22:00|8:00 a 22:00|8:00 a 22:00|8:00 a 22:00|8:00 a 22:00
15|1|1069|1069 - GOYA|Autoservicio|ESPAÑA|347|-29.1452083|-59.2625031||GOYA|00003450|CORRIENTES|AR-W|8:00 a 22:00|8:00 a 22:00|8:00 a 22:00|8:00 a 22:00|8:00 a 22:00|8:00 a 22:00|8:00 a 22:00
15|1|1072|1072 - PARQUE PATRICIOS|Autoservicio|AV BRASIL|2450|-34.6308932|-58.3984397||PARQUE PATRICIOS|00001260|CAPITAL FEDERAL|AR-C|8:00 a 22:00|8:00 a 22:00|8:00 a 22:00|8:00 a 22:00|8:00 a 22:00|8:00 a 22:00|8:00 a 22:00
15|1|1075|1075 - GENERAL VILLEGAS|Autoservicio|PUEYRREDON|351|-35.033081|-63.012165||GENERAL VILLEGAS|00006230|BUENOS AIRES|AR-B|8:00 a 22:00|8:00 a 22:00|8:00 a 22:00|8:00 a 22:00|8:00 a 22:00|8:00 a 22:00|8:00 a 22:00
15|1|1078|1078 - TRES ARROYOS|Autoservicio|25 DE MAYO|302|-38.3814993|-60.2758305||TRES ARROYOS|00007500|BUENOS AIRES|AR-B|8:00 a 22:00|8:00 a 22:00|8:00 a 22:00|8:00 a 22:00|8:00 a 22:00|8:00 a 22:00|8:00 a 22:00
15|1|1088|1088 - MIRAMAR|Autoservicio|CALLE 23|1036|-38.2722815|-57.837578||MIRAMAR|00007607|BUENOS AIRES|AR-B|8:00 a 22:00|8:00 a 22:00|8:00 a 22:00|8:00 a 22:00|8:00 a 22:00|8:00 a 22:00|8:00 a 22:00
15|1|1097|1097 - CAPITAL FEDERAL|Autoservicio|CRAMER|2060|-34.565357|-58.461343||CAPITAL FEDERAL|00001428|CAPITAL FEDERAL|AR-C|8:00 a 22:00|8:00 a 22:00|8:00 a 22:00|8:00 a 22:00|8:00 a 22:00|8:00 a 22:00|8:00 a 22:00
15|1|1501|1501 - CONCORDIA|Autoservicio|CL SAN JUAN|784|-31.3951436|-58.0129175||CONCORDIA|00003200|ENTRE RIOS|AR-E|8:00 a 22:00|8:00 a 22:00|8:00 a 22:00|8:00 a 22:00|8:00 a 22:00|8:00 a 22:00|8:00 a 22:00
15|1|1503|1503 - CRESPO|Autoservicio|CL INDEPENDENCIA|1660|-32.036205|-60.308697||CRESPO|00003116|ENTRE RIOS|AR-E|8:00 a 22:00|8:00 a 22:00|8:00 a 22:00|8:00 a 22:00|8:00 a 22:00|8:00 a 22:00|8:00 a 22:00
15|1|1504|1504 - FEDERACION|Autoservicio|CL JOSE IGNACIO BENITEZ|256|-30.9850361|-57.9198417||FEDERACION|00003206|ENTRE RIOS|AR-E|8:00 a 22:00|8:00 a 22:00|8:00 a 22:00|8:00 a 22:00|8:00 a 22:00|8:00 a 22:00|8:00 a 22:00
15|1|1505|1505 - AVELLANEDA|Autoservicio|AV GALICIA|759|-34.6709522|-58.3904001||AVELLANEDA|00001870|BUENOS AIRES|AR-B|8:00 a 22:00|8:00 a 22:00|8:00 a 22:00|8:00 a 22:00|8:00 a 22:00|8:00 a 22:00|8:00 a 22:00
15|1|1506|1506 - FEDERAL|Autoservicio|AV CORONEL ANTELO|660|-30.956411|-58.781227||FEDERAL|00003180|ENTRE RIOS|AR-E|8:00 a 22:00|8:00 a 22:00|8:00 a 22:00|8:00 a 22:00|8:00 a 22:00|8:00 a 22:00|8:00 a 22:00
15|1|1508|1508 - COLON|Autoservicio|AV PTE.PERON|378|-32.2190005|-58.1482778||COLON|00003280|ENTRE RIOS|AR-E|8:00 a 22:00|8:00 a 22:00|8:00 a 22:00|8:00 a 22:00|8:00 a 22:00|8:00 a 22:00|8:00 a 22:00
15|1|1513|1513 - HERNANDO|Autoservicio|BV RIVADAVIA|300|-32.426197|-63.738309||HERNANDO|00005929|CORDOBA|AR-X|8:00 a 22:00|8:00 a 22:00|8:00 a 22:00|8:00 a 22:00|8:00 a 22:00|8:00 a 22:00|8:00 a 22:00
15|1|1515|1515 - ONCATIVO|Autoservicio|CL BELGRANO|941|-31.9151891|-63.6792919||ONCATIVO|00005986|CORDOBA|AR-X|8:00 a 22:00|8:00 a 22:00|8:00 a 22:00|8:00 a 22:00|8:00 a 22:00|8:00 a 22:00|8:00 a 22:00
15|1|1516|1516 - DIAMANTE|Autoservicio|SAN MARTIN|484|-32.0697098|-60.6378708||DIAMANTE|00003105|ENTRE RIOS|AR-E|8:00 a 22:00|8:00 a 22:00|8:00 a 22:00|8:00 a 22:00|8:00 a 22:00|8:00 a 22:00|8:00 a 22:00
15|1|1518|1518 - RAMIREZ|Autoservicio|TRIUNVIRATO|267|-32.172918|-60.200586||RAMIREZ|00003164|ENTRE RIOS|AR-E|8:00 a 22:00|8:00 a 22:00|8:00 a 22:00|8:00 a 22:00|8:00 a 22:00|8:00 a 22:00|8:00 a 22:00
15|1|1520|1520 - NUEVA POMPEYA|Autoservicio|AV AMANCIO ALCORTA|3889|-34.6554344|-58.4141552||NUEVA POMPEYA|00001437|CAPITAL FEDERAL|AR-C|8:00 a 22:00|8:00 a 22:00|8:00 a 22:00|8:00 a 22:00|8:00 a 22:00|8:00 a 22:00|8:00 a 22:00
15|1|1521|1521 - VILLA LURO|Autoservicio|AVFERNANDEZ DE LA CRUZ|5583|-34.6810082|-58.4679551||VILLA LURO|00001439|CAPITAL FEDERAL|AR-C|8:00 a 22:00|8:00 a 22:00|8:00 a 22:00|8:00 a 22:00|8:00 a 22:00|8:00 a 22:00|8:00 a 22:00
15|1|1524|1524 - PARQUE CHAS|Autoservicio|AV DE LOS CONSTITUYENTES|3836|-34.5881385|-58.4856644||PARQUE CHAS|00001431|CAPITAL FEDERAL|AR-C|8:00 a 22:00|8:00 a 22:00|8:00 a 22:00|8:00 a 22:00|8:00 a 22:00|8:00 a 22:00|8:00 a 22:00
15|1|1525|1525 - TRENQUE LAUQUEN|Autoservicio|CL MITRE|56|-35.9707542|-62.7318736||TRENQUE LAUQUEN|00006400|BUENOS AIRES|AR-B|8:00 a 22:00|8:00 a 22:00|8:00 a 22:00|8:00 a 22:00|8:00 a 22:00|8:00 a 22:00|8:00 a 22:00
15|1|1527|1527 - FLORES|Autoservicio|AV LAFUENTE|1373|-34.6462384|-58.4588908||FLORES|00001406|CAPITAL FEDERAL|AR-C|8:00 a 22:00|8:00 a 22:00|8:00 a 22:00|8:00 a 22:00|8:00 a 22:00|8:00 a 22:00|8:00 a 22:00
15|1|1535|1535 - LOBERIA|Autoservicio|CL SUAREZ GARCIA|101|-38.160695|-58.78199||LOBERIA|00007635|BUENOS AIRES|AR-B|8:00 a 22:00|8:00 a 22:00|8:00 a 22:00|8:00 a 22:00|8:00 a 22:00|8:00 a 22:00|8:00 a 22:00
15|1|1536|1536 - BOLIVAR|Autoservicio|AV ALSINA|651|-36.231056|-61.113086||BOLIVAR|00006550|BUENOS AIRES|AR-B|8:00 a 22:00|8:00 a 22:00|8:00 a 22:00|8:00 a 22:00|8:00 a 22:00|8:00 a 22:00|8:00 a 22:00
15|1|1542|1542 - CAPITAL FEDERAL|Autoservicio|AV LA PLATA|2689|-34.645778|-58.420358||CAPITAL FEDERAL|00001437|CAPITAL FEDERAL|AR-C|8:00 a 22:00|8:00 a 22:00|8:00 a 22:00|8:00 a 22:00|8:00 a 22:00|8:00 a 22:00|8:00 a 22:00
15|1|5115|5115 - CIUDADELA|Autoservicio|SAN MARTIN|521|-34.6464005|-58.5403633||CIUDADELA|00001702|BUENOS AIRES|AR-B|8:00 a 22:00|8:00 a 22:00|8:00 a 22:00|8:00 a 22:00|8:00 a 22:00|8:00 a 22:00|8:00 a 22:00
15|1|5118|5118 - RAMOS MEJIA|Autoservicio|AV GAONA|2443|-34.6383702|-58.5637695||RAMOS MEJIA|00001704|BUENOS AIRES|AR-B|8:00 a 22:00|8:00 a 22:00|8:00 a 22:00|8:00 a 22:00|8:00 a 22:00|8:00 a 22:00|8:00 a 22:00
15|1|5122|5122 - BRAGADO|Autoservicio|ELIZONDO|2880|-35.124191|-60.477344||BRAGADO|00006640|BUENOS AIRES|AR-B|8:00 a 22:00|8:00 a 22:00|8:00 a 22:00|8:00 a 22:00|8:00 a 22:00|8:00 a 22:00|8:00 a 22:00
15|1|5123|5123 - GRAND BOURG|Autoservicio|SOLDADO BAIGORRIA|1613|-34.4838997|-58.7248719||GRAND BOURG|00001615|BUENOS AIRES|AR-B|8:00 a 22:00|8:00 a 22:00|8:00 a 22:00|8:00 a 22:00|8:00 a 22:00|8:00 a 22:00|8:00 a 22:00
15|1|5128|5128 - LANUS|Autoservicio|VIAMONTE|2974|-34.683634|-58.419328||LANUS|00001824|BUENOS AIRES|AR-B|8:00 a 22:00|8:00 a 22:00|8:00 a 22:00|8:00 a 22:00|8:00 a 22:00|8:00 a 22:00|8:00 a 22:00
15|1|5131|5131 - QUILMES|Autoservicio|SAN MARTIN|2180|-34.7687089|-58.3157794||QUILMES|00001881|BUENOS AIRES|AR-B|8:00 a 22:00|8:00 a 22:00|8:00 a 22:00|8:00 a 22:00|8:00 a 22:00|8:00 a 22:00|8:00 a 22:00
15|1|5134|5134 - MUNRO|Autoservicio|AV BARTOLOME MITRE|2671|-34.5261124|-58.5190354||MUNRO|00001605|BUENOS AIRES|AR-B|8:00 a 22:00|8:00 a 22:00|8:00 a 22:00|8:00 a 22:00|8:00 a 22:00|8:00 a 22:00|8:00 a 22:00
15|1|5136|5136 - MAXIMO PAZ|Autoservicio|AV PEREDA|280|-34.938204|-58.618433||MAXIMO PAZ|00001804|BUENOS AIRES|AR-B|8:00 a 22:00|8:00 a 22:00|8:00 a 22:00|8:00 a 22:00|8:00 a 22:00|8:00 a 22:00|8:00 a 22:00
15|1|5138|5138 - LAFERRERE|Autoservicio|HONORIO LUQUE|6380|-34.7505549|-58.5845855||LAFERRERE|00001757|BUENOS AIRES|AR-B|8:00 a 22:00|8:00 a 22:00|8:00 a 22:00|8:00 a 22:00|8:00 a 22:00|8:00 a 22:00|8:00 a 22:00
15|1|5142|5142 - VILLA BALLESTER|Autoservicio|AV JM CAMPOS|2191|-34.557908|-58.535821||VILLA BALLESTER|00001651|BUENOS AIRES|AR-B|8:00 a 22:00|8:00 a 22:00|8:00 a 22:00|8:00 a 22:00|8:00 a 22:00|8:00 a 22:00|8:00 a 22:00
15|1|5143|5143 - VILLA LUZURIAGA|Autoservicio|VENEZUELA|4531|-34.6835529|-58.5908523||VILLA LUZURIAGA|00001757|BUENOS AIRES|AR-B|8:00 a 22:00|8:00 a 22:00|8:00 a 22:00|8:00 a 22:00|8:00 a 22:00|8:00 a 22:00|8:00 a 22:00
15|1|5144|5144 - JUNIN|Autoservicio|CORONEL SUAREZ|581|-34.5910744|-60.9327159||JUNIN|00006000|BUENOS AIRES|AR-B|8:00 a 22:00|8:00 a 22:00|8:00 a 22:00|8:00 a 22:00|8:00 a 22:00|8:00 a 22:00|8:00 a 22:00
15|1|5147|5147 - LAFERRERE|Autoservicio|AV ROJO|4787|-34.7566941|-58.6035521||LAFERRERE|00001757|BUENOS AIRES|AR-B|8:00 a 22:00|8:00 a 22:00|8:00 a 22:00|8:00 a 22:00|8:00 a 22:00|8:00 a 22:00|8:00 a 22:00
15|1|5149|5149 - QUILMES|Autoservicio|AV SAN MARTIN|1076|-34.7039014|-58.2957429||QUILMES|00001926|BUENOS AIRES|AR-B|8:00 a 22:00|8:00 a 22:00|8:00 a 22:00|8:00 a 22:00|8:00 a 22:00|8:00 a 22:00|8:00 a 22:00
15|1|5157|5157 - MORENO|Autoservicio|CERVANTES|1583|-34.5809379|-58.7538661||MORENO|00001736|BUENOS AIRES|AR-B|8:00 a 22:00|8:00 a 22:00|8:00 a 22:00|8:00 a 22:00|8:00 a 22:00|8:00 a 22:00|8:00 a 22:00
15|1|5162|5162 - SANTOS LUGARES|Autoservicio|LA PLATA|4022|-34.5949673|-58.5497485||SANTOS LUGARES|00001676|BUENOS AIRES|AR-B|8:00 a 22:00|8:00 a 22:00|8:00 a 22:00|8:00 a 22:00|8:00 a 22:00|8:00 a 22:00|8:00 a 22:00
15|1|5163|5163 - QUILMES|Autoservicio|DARDO ROCHA|433|-34.717682|-58.293961||QUILMES|00001876|BUENOS AIRES|AR-B|8:00 a 22:00|8:00 a 22:00|8:00 a 22:00|8:00 a 22:00|8:00 a 22:00|8:00 a 22:00|8:00 a 22:00
15|1|5166|5166 - LAFERRERE|Autoservicio|DA VINCI|3696|-34.7416109|-58.621092||LAFERRERE|00001657|BUENOS AIRES|AR-B|8:00 a 22:00|8:00 a 22:00|8:00 a 22:00|8:00 a 22:00|8:00 a 22:00|8:00 a 22:00|8:00 a 22:00
15|1|5167|5167 - PABLO PODESTA|Autoservicio|PRIMERO DE MAYO|2156|-34.5711412|-58.6163629||PABLO PODESTA|00001657|BUENOS AIRES|AR-B|8:00 a 22:00|8:00 a 22:00|8:00 a 22:00|8:00 a 22:00|8:00 a 22:00|8:00 a 22:00|8:00 a 22:00
15|1|5168|5168 - CASEROS|Autoservicio|AV PEDRIEL|5529|-34.627523|-58.564382||CASEROS|00001678|BUENOS AIRES|AR-B|8:00 a 22:00|8:00 a 22:00|8:00 a 22:00|8:00 a 22:00|8:00 a 22:00|8:00 a 22:00|8:00 a 22:00
15|1|5169|5169 - RAMALLO|Autoservicio|SAN MARTIN|1345|-33.487563|-60.009449||RAMALLO|00002914|BUENOS AIRES|AR-B|8:00 a 22:00|8:00 a 22:00|8:00 a 22:00|8:00 a 22:00|8:00 a 22:00|8:00 a 22:00|8:00 a 22:00
15|1|5176|5176 - VILLA BOSCH|Autoservicio|SAN LORENZO|1055|-34.581585|-58.582063||VILLA BOSCH|00001682|BUENOS AIRES|AR-B|8:00 a 22:00|8:00 a 22:00|8:00 a 22:00|8:00 a 22:00|8:00 a 22:00|8:00 a 22:00|8:00 a 22:00
15|1|5180|5180 - SAN PEDRO (Bs. As.)|Autoservicio|AV MITRE|2552|-33.6894953|-59.6749841||SAN PEDRO (Bs. As.)|00002930|BUENOS AIRES|AR-B|8:00 a 22:00|8:00 a 22:00|8:00 a 22:00|8:00 a 22:00|8:00 a 22:00|8:00 a 22:00|8:00 a 22:00
15|1|5193|5193 - GENERAL RODRIGUEZ|Autoservicio|AV ITALIA|646|-34.6028733|-58.9497271||GENERAL RODRIGUEZ|00001748|BUENOS AIRES|AR-B|8:00 a 22:00|8:00 a 22:00|8:00 a 22:00|8:00 a 22:00|8:00 a 22:00|8:00 a 22:00|8:00 a 22:00
15|1|5195|5195 - ROJAS|Autoservicio|DORREGO|629|-34.197124|-60.737495||ROJAS|00002705|BUENOS AIRES|AR-B|8:00 a 22:00|8:00 a 22:00|8:00 a 22:00|8:00 a 22:00|8:00 a 22:00|8:00 a 22:00|8:00 a 22:00
15|1|5200|5200 - CASEROS|Autoservicio|JUAN MANUEL DE ROSAS 3158|3158|-34.6110721|-58.578728||CASEROS|00001678|BUENOS AIRES|AR-B|8:00 a 22:00|8:00 a 22:00|8:00 a 22:00|8:00 a 22:00|8:00 a 22:00|8:00 a 22:00|8:00 a 22:00
15|1|5208|5208 - SAN FRANCISCO SOLANO|Autoservicio|AV 844 Nº 2083|2083|-34.7768729|-58.306397||SAN FRANCISCO SOLANO|00001881|BUENOS AIRES|AR-B|8:00 a 22:00|8:00 a 22:00|8:00 a 22:00|8:00 a 22:00|8:00 a 22:00|8:00 a 22:00|8:00 a 22:00
15|1|5234|5234 - CHIVILCOY|Autoservicio|PELLEGRINI|430|-34.8903376|-60.0133156||CHIVILCOY|00006620|BUENOS AIRES|AR-B|8:00 a 22:00|8:00 a 22:00|8:00 a 22:00|8:00 a 22:00|8:00 a 22:00|8:00 a 22:00|8:00 a 22:00
15|1|5244|5244 - SAN MIGUEL|Autoservicio|JUAN DOMINGO PERON.|676|-34.5492212|-58.7025205||SAN MIGUEL|00001629|BUENOS AIRES|AR-B|8:00 a 22:00|8:00 a 22:00|8:00 a 22:00|8:00 a 22:00|8:00 a 22:00|8:00 a 22:00|8:00 a 22:00
15|1|5245|5245 - RAMOS MEJIA|Autoservicio|AVENIDA DE MAYO|1464|-34.5371566|-58.7191665||RAMOS MEJIA|00001704|BUENOS AIRES|AR-B|8:00 a 22:00|8:00 a 22:00|8:00 a 22:00|8:00 a 22:00|8:00 a 22:00|8:00 a 22:00|8:00 a 22:00
15|1|5257|5257 - SAENZ PEÑA|Autoservicio|AMERICA|565|-34.6017727|-58.5274084||SAENZ PEÑA|00001674|BUENOS AIRES|AR-B|8:00 a 22:00|8:00 a 22:00|8:00 a 22:00|8:00 a 22:00|8:00 a 22:00|8:00 a 22:00|8:00 a 22:00
15|1|5260|5260 - LOS POLVORINES|Autoservicio|AV PTE J D PERON|3146|-34.5009479|-58.6917717||LOS POLVORINES|00001613|BUENOS AIRES|AR-B|8:00 a 22:00|8:00 a 22:00|8:00 a 22:00|8:00 a 22:00|8:00 a 22:00|8:00 a 22:00|8:00 a 22:00
15|1|5266|5266 - VILLA LUZURIAGA|Autoservicio|ARIETA|1458|-34.6659859|-58.5773305||VILLA LUZURIAGA|00001754|BUENOS AIRES|AR-B|8:00 a 22:00|8:00 a 22:00|8:00 a 22:00|8:00 a 22:00|8:00 a 22:00|8:00 a 22:00|8:00 a 22:00
15|1|5268|5268 - CASEROS|Autoservicio|AV MITRE|4729|-34.6100551|-58.5628348||CASEROS|00001678|BUENOS AIRES|AR-B|8:00 a 22:00|8:00 a 22:00|8:00 a 22:00|8:00 a 22:00|8:00 a 22:00|8:00 a 22:00|8:00 a 22:00
15|1|5274|5274 - VILLA RAMALLO|Autoservicio|SARMIENTO|937|-33.500146|-60.064986||VILLA RAMALLO|00032914|BUENOS AIRES|AR-B|8:00 a 22:00|8:00 a 22:00|8:00 a 22:00|8:00 a 22:00|8:00 a 22:00|8:00 a 22:00|8:00 a 22:00
15|1|5280|5280 - HURLINGHAM|Autoservicio|AV VERGARA|1062|-34.630469|-58.632568||HURLINGHAM|00001686|BUENOS AIRES|AR-B|8:00 a 22:00|8:00 a 22:00|8:00 a 22:00|8:00 a 22:00|8:00 a 22:00|8:00 a 22:00|8:00 a 22:00
15|1|5281|5281 - LOMAS DEL MIRADOR|Autoservicio|AV MOSCONI|242|-34.658345|-58.530866||LOMAS DEL MIRADOR|00001752|BUENOS AIRES|AR-B|8:00 a 22:00|8:00 a 22:00|8:00 a 22:00|8:00 a 22:00|8:00 a 22:00|8:00 a 22:00|8:00 a 22:00
15|1|5285|5285 - MARCOS PAZ|Autoservicio|INDEPENDENCIA|446|-34.780427|-58.841627||MARCOS PAZ|00001727|BUENOS AIRES|AR-B|8:00 a 22:00|8:00 a 22:00|8:00 a 22:00|8:00 a 22:00|8:00 a 22:00|8:00 a 22:00|8:00 a 22:00
15|1|5291|5291 - SAN MARTIN|Autoservicio|(71) PROF F. AGUER|4943|-34.551365|-58.55788||SAN MARTIN|00001653|BUENOS AIRES|AR-B|8:00 a 22:00|8:00 a 22:00|8:00 a 22:00|8:00 a 22:00|8:00 a 22:00|8:00 a 22:00|8:00 a 22:00
15|1|5292|5292 - SAN MARTIN|Autoservicio|JOSE HERNANDEZ|5151|-34.567597|-58.57141||SAN MARTIN|00001650|BUENOS AIRES|AR-B|8:00 a 22:00|8:00 a 22:00|8:00 a 22:00|8:00 a 22:00|8:00 a 22:00|8:00 a 22:00|8:00 a 22:00
15|1|5293|5293 - VIRREY DEL PINO|Autoservicio|BRIGADIER GRAL JUAN MANUEL DE ROSAS|21545|-34.828383|-58.646106||VIRREY DEL PINO|00001763|BUENOS AIRES|AR-B|8:00 a 22:00|8:00 a 22:00|8:00 a 22:00|8:00 a 22:00|8:00 a 22:00|8:00 a 22:00|8:00 a 22:00
15|1|5297|5297 - QUILMES|Autoservicio|AV 844|831|-34.769658|-58.297003||QUILMES|00001879|BUENOS AIRES|AR-B|8:00 a 22:00|8:00 a 22:00|8:00 a 22:00|8:00 a 22:00|8:00 a 22:00|8:00 a 22:00|8:00 a 22:00
15|1|5299|5299 - ISIDRO CASANOVA|Autoservicio|JOSÉ BERNALDES POLLEDO|28|-34.695787|-58.604223||ISIDRO CASANOVA|00001765|BUENOS AIRES|AR-B|8:00 a 22:00|8:00 a 22:00|8:00 a 22:00|8:00 a 22:00|8:00 a 22:00|8:00 a 22:00|8:00 a 22:00
15|1|5301|5301 - TIGRE|Autoservicio|AVSANTA MARIA DE LAS CONCHAS|3276|-34.413893|-58.605207||TIGRE|00001624|BUENOS AIRES|AR-B|8:00 a 22:00|8:00 a 22:00|8:00 a 22:00|8:00 a 22:00|8:00 a 22:00|8:00 a 22:00|8:00 a 22:00
15|1|5306|5306 - LUJAN|Autoservicio|AV LORENZO CASEY|910|-34.58043|-59.103923||LUJAN|00006702|BUENOS AIRES|AR-B|8:00 a 22:00|8:00 a 22:00|8:00 a 22:00|8:00 a 22:00|8:00 a 22:00|8:00 a 22:00|8:00 a 22:00
15|1|5307|5307 - VICENTE LOPEZ|Autoservicio|AV MAIPU|1332|-34.525556|-58.482846||VICENTE LOPEZ|00001638|BUENOS AIRES|AR-B|8:00 a 22:00|8:00 a 22:00|8:00 a 22:00|8:00 a 22:00|8:00 a 22:00|8:00 a 22:00|8:00 a 22:00
15|1|5309|5309 - AVELLANEDA|Autoservicio|AV MITRE|1118|-34.664459|-58.361261||AVELLANEDA|00001870|BUENOS AIRES|AR-B|8:00 a 22:00|8:00 a 22:00|8:00 a 22:00|8:00 a 22:00|8:00 a 22:00|8:00 a 22:00|8:00 a 22:00
15|1|5313|5313 - LANUS|Autoservicio|ANATOLE FRANCE|2042|-34.708837|-58.389681||LANUS|00001820|BUENOS AIRES|AR-B|8:00 a 22:00|8:00 a 22:00|8:00 a 22:00|8:00 a 22:00|8:00 a 22:00|8:00 a 22:00|8:00 a 22:00
15|1|5315|5315 - RAMOS MEJIA|Autoservicio|ALVARADO|934|-34.65422|-58.572136||RAMOS MEJIA|00001704|BUENOS AIRES|AR-B|8:00 a 22:00|8:00 a 22:00|8:00 a 22:00|8:00 a 22:00|8:00 a 22:00|8:00 a 22:00|8:00 a 22:00
15|1|5316|5316 - LAFERRERE|Autoservicio|AV LURO|5530|-34.744449|-58.592428||LAFERRERE|00001757|BUENOS AIRES|AR-B|8:00 a 22:00|8:00 a 22:00|8:00 a 22:00|8:00 a 22:00|8:00 a 22:00|8:00 a 22:00|8:00 a 22:00
15|1|5318|5318 - MORON|Autoservicio|CRISOLOGO LARRALDE|992|-34.647419|-58.622425||MORON|00001708|BUENOS AIRES|AR-B|8:00 a 22:00|8:00 a 22:00|8:00 a 22:00|8:00 a 22:00|8:00 a 22:00|8:00 a 22:00|8:00 a 22:00
15|1|5321|5321 - TIGRE|Autoservicio|AV CAZON|160|-34.433484|-58.567722||TIGRE|00001648|BUENOS AIRES|AR-B|8:00 a 22:00|8:00 a 22:00|8:00 a 22:00|8:00 a 22:00|8:00 a 22:00|8:00 a 22:00|8:00 a 22:00
15|1|5324|5324 - MONTE GRANDE|Autoservicio|HIPOLITO YRIGOYEN|164|-34.815175|-58.466232||MONTE GRANDE|00001842|BUENOS AIRES|AR-B|8:00 a 22:00|8:00 a 22:00|8:00 a 22:00|8:00 a 22:00|8:00 a 22:00|8:00 a 22:00|8:00 a 22:00
15|1|5327|5327 - SAN PEDRO (Bs. As.)|Autoservicio|BV TRES DE FEBRERO|1058|-34.659433|-59.659433||SAN PEDRO (Bs. As.)|00002930|BUENOS AIRES|AR-B|8:00 a 22:00|8:00 a 22:00|8:00 a 22:00|8:00 a 22:00|8:00 a 22:00|8:00 a 22:00|8:00 a 22:00
15|1|5328|5328 - GONZALEZ CATAN|Autoservicio|CAXARAVILLE|639|-34.774225|-58.64795||GONZALEZ CATAN|00001759|BUENOS AIRES|AR-B|8:00 a 22:00|8:00 a 22:00|8:00 a 22:00|8:00 a 22:00|8:00 a 22:00|8:00 a 22:00|8:00 a 22:00
15|1|5331|5331 - CASTELAR|Autoservicio|WILLIAM MORRIS|3924|-34.682639|-58.665442||CASTELAR|00001712|BUENOS AIRES|AR-B|8:00 a 22:00|8:00 a 22:00|8:00 a 22:00|8:00 a 22:00|8:00 a 22:00|8:00 a 22:00|8:00 a 22:00
15|1|5338|5338 - VILLA MADERO|Autoservicio|AV. BOULOGNE SUR MER|1484|-34.698679|-58.505564||VILLA MADERO|00001768|BUENOS AIRES|AR-B|8:00 a 22:00|8:00 a 22:00|8:00 a 22:00|8:00 a 22:00|8:00 a 22:00|8:00 a 22:00|8:00 a 22:00
15|1|5342|5342 - CIUDAD EVITA|Autoservicio|AV PRESIDENTE PERON|2236|-34.715503|-58.538596||CIUDAD EVITA|00001778|BUENOS AIRES|AR-B|8:00 a 22:00|8:00 a 22:00|8:00 a 22:00|8:00 a 22:00|8:00 a 22:00|8:00 a 22:00|8:00 a 22:00
15|1|5343|5343 - MAR DEL PLATA|Autoservicio|AV INDEPENDENCIA|2964|-38.006626|-57.561287||MAR DEL PLATA|00007602|BUENOS AIRES|AR-B|8:00 a 22:00|8:00 a 22:00|8:00 a 22:00|8:00 a 22:00|8:00 a 22:00|8:00 a 22:00|8:00 a 22:00
15|1|5344|5344 - LOMA HERMOSA|Autoservicio|AV LIBERTADOR|6890|-34.550294|-58.590109||LOMA HERMOSA|00001657|BUENOS AIRES|AR-B|8:00 a 22:00|8:00 a 22:00|8:00 a 22:00|8:00 a 22:00|8:00 a 22:00|8:00 a 22:00|8:00 a 22:00
15|1|5345|5345 - ISIDRO CASANOVA|Autoservicio|REPUBLICA DE PORTUGAL|2843|-34.700548|-58.58616||ISIDRO CASANOVA|00001765|BUENOS AIRES|AR-B|8:00 a 22:00|8:00 a 22:00|8:00 a 22:00|8:00 a 22:00|8:00 a 22:00|8:00 a 22:00|8:00 a 22:00
15|1|5346|5346 - FLORENCIO VARELA|Autoservicio|CAMINO GENERAL BELGRANO RP 14|6260|-34.779216|-58.265288||FLORENCIO VARELA|00001888|BUENOS AIRES|AR-B|8:00 a 22:00|8:00 a 22:00|8:00 a 22:00|8:00 a 22:00|8:00 a 22:00|8:00 a 22:00|8:00 a 22:00
15|1|5357|5357 - SAN FERNANDO|Autoservicio|AV AVELLANEDA|3759|-34.461313|-58.576409||SAN FERNANDO|00001644|BUENOS AIRES|AR-B|8:00 a 22:00|8:00 a 22:00|8:00 a 22:00|8:00 a 22:00|8:00 a 22:00|8:00 a 22:00|8:00 a 22:00
15|1|5363|5363 - QUILMES|Autoservicio|AV LAS HERAS|91|-34.710692|-58.264991||QUILMES|00001878|BUENOS AIRES|AR-B|8:00 a 22:00|8:00 a 22:00|8:00 a 22:00|8:00 a 22:00|8:00 a 22:00|8:00 a 22:00|8:00 a 22:00
15|1|5366|5366 - LA PLATA|Autoservicio|CALLE 12|1514|-34.928259|-57.942885||LA PLATA|00001906|BUENOS AIRES|AR-B|8:00 a 22:00|8:00 a 22:00|8:00 a 22:00|8:00 a 22:00|8:00 a 22:00|8:00 a 22:00|8:00 a 22:00
15|1|5370|5370 - MARTIN CORONADO|Autoservicio|JULIO BESADA|6880|-34.584515|-58.586723||MARTIN CORONADO|00001683|BUENOS AIRES|AR-B|8:00 a 22:00|8:00 a 22:00|8:00 a 22:00|8:00 a 22:00|8:00 a 22:00|8:00 a 22:00|8:00 a 22:00
15|1|5371|5371 - MERLO|Autoservicio|AV CONSTITUCION|560|-34.673022|-58.732924||MERLO|00001722|BUENOS AIRES|AR-B|8:00 a 22:00|8:00 a 22:00|8:00 a 22:00|8:00 a 22:00|8:00 a 22:00|8:00 a 22:00|8:00 a 22:00
15|1|5374|5374 - VILLA DE MAYO|Autoservicio|AV PRESIENTE PERON|167|-34.517515|-58.6722308||VILLA DE MAYO|00001614|BUENOS AIRES|AR-B|8:00 a 22:00|8:00 a 22:00|8:00 a 22:00|8:00 a 22:00|8:00 a 22:00|8:00 a 22:00|8:00 a 22:00
15|1|5376|5376 - MERLO|Autoservicio|ELVIARA SULLIVAN|1498|-34.681167|-58.703222||MERLO|00001722|BUENOS AIRES|AR-B|8:00 a 22:00|8:00 a 22:00|8:00 a 22:00|8:00 a 22:00|8:00 a 22:00|8:00 a 22:00|8:00 a 22:00
15|1|5377|5377 - OPEN DOOR|Autoservicio|AV CABRED|589|-34.490615|-59.077967||OPEN DOOR|00006708|BUENOS AIRES|AR-B|8:00 a 22:00|8:00 a 22:00|8:00 a 22:00|8:00 a 22:00|8:00 a 22:00|8:00 a 22:00|8:00 a 22:00
15|1|5380|5380 - CASEROS|Autoservicio|AV GENERAL JUSTO JOSE DE URQUIZA|4583|-34.6059|-58.560274||CASEROS|00001678|BUENOS AIRES|AR-B|8:00 a 22:00|8:00 a 22:00|8:00 a 22:00|8:00 a 22:00|8:00 a 22:00|8:00 a 22:00|8:00 a 22:00
15|1|5383|5383 - VILLA GESELL|Autoservicio|AV 3|118|-37.269858|-56.979257||VILLA GESELL|00007165|BUENOS AIRES|AR-B|8:00 a 22:00|8:00 a 22:00|8:00 a 22:00|8:00 a 22:00|8:00 a 22:00|8:00 a 22:00|8:00 a 22:00
15|1|5386|5386 - GENERAL PACHECO|Autoservicio|AV CONSTITUYENTES|1444|-34.453544|-58.649574||GENERAL PACHECO|00001617|BUENOS AIRES|AR-B|8:00 a 22:00|8:00 a 22:00|8:00 a 22:00|8:00 a 22:00|8:00 a 22:00|8:00 a 22:00|8:00 a 22:00
15|1|5388|5388 - TIGRE|Autoservicio|AV BOULOGNE SUR MER|2147|-34.478267|-58.624139||TIGRE|00001611|BUENOS AIRES|AR-B|8:00 a 22:00|8:00 a 22:00|8:00 a 22:00|8:00 a 22:00|8:00 a 22:00|8:00 a 22:00|8:00 a 22:00
15|1|5395|5395 - SAN MARTIN|Autoservicio|RAMON CARRILLO|2250|-34.575055|-58.539508||SAN MARTIN|00001650|BUENOS AIRES|AR-B|8:00 a 22:00|8:00 a 22:00|8:00 a 22:00|8:00 a 22:00|8:00 a 22:00|8:00 a 22:00|8:00 a 22:00
15|1|5396|5396 - LA PLATA|Autoservicio|AV 532|1131|-34.909921|-57.98016||LA PLATA|00001906|BUENOS AIRES|AR-B|8:00 a 22:00|8:00 a 22:00|8:00 a 22:00|8:00 a 22:00|8:00 a 22:00|8:00 a 22:00|8:00 a 22:00
15|1|92|92 - DEL VISO|Autoservicio|CL VALENTIN GOMEZ Y MADERO||-34.4517657|-58.7974943||DEL VISO|00001669|BUENOS AIRES|AR-B|8:00 a 22:00|8:00 a 22:00|8:00 a 22:00|8:00 a 22:00|8:00 a 22:00|8:00 a 22:00|8:00 a 22:00
15|1|94|94 - WILLIAMS C MORRIS|Autoservicio|CL VILLEGAS ESQUINA CAÑUELAS||-34.58276|-58.658565||WILLIAMS C MORRIS|00001686|BUENOS AIRES|AR-B|8:00 a 22:00|8:00 a 22:00|8:00 a 22:00|8:00 a 22:00|8:00 a 22:00|8:00 a 22:00|8:00 a 22:00
15|1|104|104 - SAN VICENTE|Autoservicio|CL 25 DE MAYO 232 ENTRE OHIGGINS Y CASTELLI||-35.0221052|-58.4204728||SAN VICENTE|00001865|BUENOS AIRES|AR-B|8:00 a 22:00|8:00 a 22:00|8:00 a 22:00|8:00 a 22:00|8:00 a 22:00|8:00 a 22:00|8:00 a 22:00
15|1|113|113 - PRESIDENTE DERQUI|Autoservicio|CL E. PERON ESQ. MEDRANO||-34.491348|-58.840306||PRESIDENTE DERQUI|00001635|BUENOS AIRES|AR-B|8:00 a 22:00|8:00 a 22:00|8:00 a 22:00|8:00 a 22:00|8:00 a 22:00|8:00 a 22:00|8:00 a 22:00
15|1|137|137 - MATHEU|Autoservicio|CL S.MELO E/S.MARTINYBELGRAN||-34.383803|-58.830138||MATHEU|00001627|BUENOS AIRES|AR-B|8:00 a 22:00|8:00 a 22:00|8:00 a 22:00|8:00 a 22:00|8:00 a 22:00|8:00 a 22:00|8:00 a 22:00
15|1|143|143 - BERNAL|Autoservicio|AV LAMADRID ESQ. RAWSON||-34.7160304|-58.2733722||BERNAL|00001876|BUENOS AIRES|AR-B|8:00 a 22:00|8:00 a 22:00|8:00 a 22:00|8:00 a 22:00|8:00 a 22:00|8:00 a 22:00|8:00 a 22:00
15|1|158|158 - JOSE LEON SUAREZ|Autoservicio|CL SARRATEA Y SERRANO||-34.5098719|-58.5775618||JOSE LEON SUAREZ|00001609|BUENOS AIRES|AR-B|8:00 a 22:00|8:00 a 22:00|8:00 a 22:00|8:00 a 22:00|8:00 a 22:00|8:00 a 22:00|8:00 a 22:00
15|1|176|176 - CORONEL BRANDSEN|Autoservicio|CL ITUZAINGO Y PASO||-35.169002|-58.231875||CORONEL BRANDSEN|00001980|BUENOS AIRES|AR-B|8:00 a 22:00|8:00 a 22:00|8:00 a 22:00|8:00 a 22:00|8:00 a 22:00|8:00 a 22:00|8:00 a 22:00
15|1|179|179 - MAQ FRANCISCO SAVIO|Autoservicio|CL RT. 26 ESQ.CORRIENTES||-34.409353|-58.771731||MAQ FRANCISCO SAVIO|00001846|BUENOS AIRES|AR-B|8:00 a 22:00|8:00 a 22:00|8:00 a 22:00|8:00 a 22:00|8:00 a 22:00|8:00 a 22:00|8:00 a 22:00
15|1|220|220 - GLEW|Autoservicio|CL PATRIA Y VIAS F.GRAL ROCA||-34.887216|-58.384251||GLEW|00001856|BUENOS AIRES|AR-B|8:00 a 22:00|8:00 a 22:00|8:00 a 22:00|8:00 a 22:00|8:00 a 22:00|8:00 a 22:00|8:00 a 22:00
15|1|230|230 - CARLOS CASARES|Autoservicio|CL SAN MARTIN Y RIVADAVIA||-35.625004|-61.365063||CARLOS CASARES|00006530|BUENOS AIRES|AR-B|8:00 a 22:00|8:00 a 22:00|8:00 a 22:00|8:00 a 22:00|8:00 a 22:00|8:00 a 22:00|8:00 a 22:00
15|1|359|359 - PALERMO|Autoservicio|AV CORDOBA 4085 (PALERMO)||-34.5971577|-58.4246163||PALERMO|00001188|CAPITAL FEDERAL|AR-C|8:00 a 22:00|8:00 a 22:00|8:00 a 22:00|8:00 a 22:00|8:00 a 22:00|8:00 a 22:00|8:00 a 22:00
15|1|360|360 - LA BOCA|Autoservicio|AV REG.DE PATRICIOS 1214 (BARRACAS)||-34.6412489|-58.3690741||LA BOCA|00001265|CAPITAL FEDERAL|AR-C|8:00 a 22:00|8:00 a 22:00|8:00 a 22:00|8:00 a 22:00|8:00 a 22:00|8:00 a 22:00|8:00 a 22:00
15|1|361|361 - LA BOCA|Autoservicio|AV ALMIRANTE BROWN 803 (LA BOCA)||-34.6320434|-58.3608448||LA BOCA|00001159|CAPITAL FEDERAL|AR-C|8:00 a 22:00|8:00 a 22:00|8:00 a 22:00|8:00 a 22:00|8:00 a 22:00|8:00 a 22:00|8:00 a 22:00
15|1|363|363 - CONSTITUCIÓN|Autoservicio|SAN JOSE 1818 (CONSTITUCION)||-34.630166|-58.3855908||CONSTITUCIÓN|00001136|CAPITAL FEDERAL|AR-C|8:00 a 22:00|8:00 a 22:00|8:00 a 22:00|8:00 a 22:00|8:00 a 22:00|8:00 a 22:00|8:00 a 22:00
15|1|364|364 - VILLA URQUIZA|Autoservicio|AV DE LOS CONSTITUYENTES 6047 (VILLA URQUIZA)||-34.5718154|-58.5059748||VILLA URQUIZA|00001431|CAPITAL FEDERAL|AR-C|8:00 a 22:00|8:00 a 22:00|8:00 a 22:00|8:00 a 22:00|8:00 a 22:00|8:00 a 22:00|8:00 a 22:00
15|1|365|365 - AGRONOMÍA|Autoservicio|AV DEL CARRIL SALVADOR M.(VILLA PUEYRREDON)2424/26||-34.5873745|-58.4927966||AGRONOMÍA|00001419|CAPITAL FEDERAL|AR-C|8:00 a 22:00|8:00 a 22:00|8:00 a 22:00|8:00 a 22:00|8:00 a 22:00|8:00 a 22:00|8:00 a 22:00
15|1|366|366 - VILLA URQUIZA|Autoservicio|AV OLAZABAL 4832 (VILLA URQUIZA)||-34.5750195|-58.4833173||VILLA URQUIZA|00001431|CAPITAL FEDERAL|AR-C|8:00 a 22:00|8:00 a 22:00|8:00 a 22:00|8:00 a 22:00|8:00 a 22:00|8:00 a 22:00|8:00 a 22:00
15|1|368|368 - PARQUE CHACABUCO|Autoservicio|AV COBO 1477 ( PARQUE CHACABUCO)||-34.6424371|-58.4358917||PARQUE CHACABUCO|00001424|CAPITAL FEDERAL|AR-C|8:00 a 22:00|8:00 a 22:00|8:00 a 22:00|8:00 a 22:00|8:00 a 22:00|8:00 a 22:00|8:00 a 22:00
15|1|369|369 - FLORES|Autoservicio|AV JUAN B.ALBERDI 2859 ( FLORES)||-34.6226946|-58.4315565||FLORES|00001406|CAPITAL FEDERAL|AR-C|8:00 a 22:00|8:00 a 22:00|8:00 a 22:00|8:00 a 22:00|8:00 a 22:00|8:00 a 22:00|8:00 a 22:00
15|1|370|370 - PARQUE CHACABUCO|Autoservicio|AVLA PLATA 1976 (BOEDO)||-34.6377738|-58.4241346||PARQUE CHACABUCO|00001250|CAPITAL FEDERAL|AR-C|8:00 a 22:00|8:00 a 22:00|8:00 a 22:00|8:00 a 22:00|8:00 a 22:00|8:00 a 22:00|8:00 a 22:00
15|1|371|371 - VILLA GENERAL MITRE|Autoservicio|TTE.GRAL.DONATO ALVAREZ 1532/38||-34.6091824|-58.4618177||VILLA GENERAL MITRE|00001416|CAPITAL FEDERAL|AR-C|8:00 a 22:00|8:00 a 22:00|8:00 a 22:00|8:00 a 22:00|8:00 a 22:00|8:00 a 22:00|8:00 a 22:00
15|1|375|375 - NÚÑEZ|Autoservicio|AV CABILDO 3140 (NUÑEZ)||-34.5532062|-58.4647421||NÚÑEZ|00001429|CAPITAL FEDERAL|AR-C|8:00 a 22:00|8:00 a 22:00|8:00 a 22:00|8:00 a 22:00|8:00 a 22:00|8:00 a 22:00|8:00 a 22:00
15|1|377|377 - VILLA SOLDATI|Autoservicio|AV INTENDENTE FRANCISCO RABANAL 2261 (VILLA SOLDATI)||-34.6594782|-58.4286401||VILLA SOLDATI|00001437|CAPITAL FEDERAL|AR-C|8:00 a 22:00|8:00 a 22:00|8:00 a 22:00|8:00 a 22:00|8:00 a 22:00|8:00 a 22:00|8:00 a 22:00
15|1|378|378 - PALERMO|Autoservicio|ORTEGA Y GASSETE JOSE 1786 (PALERMO)||-34.5698385|-58.4322732||PALERMO|00001426|CAPITAL FEDERAL|AR-C|8:00 a 22:00|8:00 a 22:00|8:00 a 22:00|8:00 a 22:00|8:00 a 22:00|8:00 a 22:00|8:00 a 22:00
15|1|379|379 - VILLA URQUIZA|Autoservicio|AV LOPE DE VEGA 1155 (VELEZ SARFIELD)||-34.6286214|-58.5058549||VILLA URQUIZA|00001407|CAPITAL FEDERAL|AR-C|8:00 a 22:00|8:00 a 22:00|8:00 a 22:00|8:00 a 22:00|8:00 a 22:00|8:00 a 22:00|8:00 a 22:00
15|1|381|381 - FLORES|Autoservicio|PEDERNERA 282 (FLORES)||-34.6325699|-58.4627288||FLORES|00001406|CAPITAL FEDERAL|AR-C|8:00 a 22:00|8:00 a 22:00|8:00 a 22:00|8:00 a 22:00|8:00 a 22:00|8:00 a 22:00|8:00 a 22:00
15|1|382|382 - CABALLITO|Autoservicio|GUAYAQUIL 264 (CABALLITO)||-34.6199615|-58.4323637||CABALLITO|00001424|CAPITAL FEDERAL|AR-C|8:00 a 22:00|8:00 a 22:00|8:00 a 22:00|8:00 a 22:00|8:00 a 22:00|8:00 a 22:00|8:00 a 22:00
15|1|383|383 - MATADEROS|Autoservicio|AV RIVADAVIA 8378 (VELEZ SARSFIELD)||-34.6337695|-58.4816573||MATADEROS|00001407|CAPITAL FEDERAL|AR-C|8:00 a 22:00|8:00 a 22:00|8:00 a 22:00|8:00 a 22:00|8:00 a 22:00|8:00 a 22:00|8:00 a 22:00
15|1|384|384 - BALVANERA|Autoservicio|AV PUEYRREDON 576 (BALVANERA)||-34.6036515|-58.405234||BALVANERA|00001405|CAPITAL FEDERAL|AR-C|8:00 a 22:00|8:00 a 22:00|8:00 a 22:00|8:00 a 22:00|8:00 a 22:00|8:00 a 22:00|8:00 a 22:00
15|1|386|386 - VILLA LUGANO|Autoservicio|MONTIEL 3829 (VILLA LUGANO)||-34.6764626|-58.4933966||VILLA LUGANO|00001439|CAPITAL FEDERAL|AR-C|8:00 a 22:00|8:00 a 22:00|8:00 a 22:00|8:00 a 22:00|8:00 a 22:00|8:00 a 22:00|8:00 a 22:00
15|1|387|387 - PARQUE AVELLANEDA|Autoservicio|AV OLIVERA 1268 (VILLA LUGANO)||-34.6530744|-58.4814134||PARQUE AVELLANEDA|00001407|CAPITAL FEDERAL|AR-C|8:00 a 22:00|8:00 a 22:00|8:00 a 22:00|8:00 a 22:00|8:00 a 22:00|8:00 a 22:00|8:00 a 22:00
15|1|389|389 - FLORES|Autoservicio|AV BOYACA 37 (FLORES)||-34.6262843|-58.4569877||FLORES|00001406|CAPITAL FEDERAL|AR-C|8:00 a 22:00|8:00 a 22:00|8:00 a 22:00|8:00 a 22:00|8:00 a 22:00|8:00 a 22:00|8:00 a 22:00
15|1|390|390 - FLORES|Autoservicio|AV RIVADAVIA 7370 (FLORES)||-34.6306283|-58.4692321||FLORES|00001406|CAPITAL FEDERAL|AR-C|8:00 a 22:00|8:00 a 22:00|8:00 a 22:00|8:00 a 22:00|8:00 a 22:00|8:00 a 22:00|8:00 a 22:00
15|1|393|393 - NÚÑEZ|Autoservicio|AV CRAMER 2875 (BELGRANO)||-34.5580778|-58.4669991||NÚÑEZ|00001428|CAPITAL FEDERAL|AR-C|8:00 a 22:00|8:00 a 22:00|8:00 a 22:00|8:00 a 22:00|8:00 a 22:00|8:00 a 22:00|8:00 a 22:00
15|1|394|394 - PARQUE CHACABUCO|Autoservicio|AV DIRECTORIO 134 (CABALLITO)||-34.6273133|-58.4286401||PARQUE CHACABUCO|00001424|CAPITAL FEDERAL|AR-C|8:00 a 22:00|8:00 a 22:00|8:00 a 22:00|8:00 a 22:00|8:00 a 22:00|8:00 a 22:00|8:00 a 22:00
15|1|395|395 - PALERMO|Autoservicio|FITZ ROY 2292 (PALERMO)||-34.5795405|-58.4310392||PALERMO|00001425|CAPITAL FEDERAL|AR-C|8:00 a 22:00|8:00 a 22:00|8:00 a 22:00|8:00 a 22:00|8:00 a 22:00|8:00 a 22:00|8:00 a 22:00
15|1|396|396 - VILLA CRESPO|Autoservicio|GURRUCHAGA 431 (VILLA CRESPO)||-34.5978334|-58.442373||VILLA CRESPO|00001414|CAPITAL FEDERAL|AR-C|8:00 a 22:00|8:00 a 22:00|8:00 a 22:00|8:00 a 22:00|8:00 a 22:00|8:00 a 22:00|8:00 a 22:00
15|1|397|397 - BALVANERA|Autoservicio|DR.TOMAS M.DE ANCHORENA 541 (BALVANERA)||-34.6034002|-58.4100788||BALVANERA|00001170|CAPITAL FEDERAL|AR-C|8:00 a 22:00|8:00 a 22:00|8:00 a 22:00|8:00 a 22:00|8:00 a 22:00|8:00 a 22:00|8:00 a 22:00
15|1|400|400 - SAN TELMO|Autoservicio|MAIPU 512(SAN NICOLAS)||-34.6021724|-58.3767232||SAN TELMO|00001006|CAPITAL FEDERAL|AR-C|8:00 a 22:00|8:00 a 22:00|8:00 a 22:00|8:00 a 22:00|8:00 a 22:00|8:00 a 22:00|8:00 a 22:00
15|1|402|402 - PALERMO|Autoservicio|JUAN FRANCISCO SEGUI 4668 ( PALERMO)||-34.5733048|-58.4220692||PALERMO|00001425|CAPITAL FEDERAL|AR-C|8:00 a 22:00|8:00 a 22:00|8:00 a 22:00|8:00 a 22:00|8:00 a 22:00|8:00 a 22:00|8:00 a 22:00
15|1|403|403 - BOEDO|Autoservicio|AVCHICLANA 3683 ( BOEDO)||-34.6372315|-58.4157757||BOEDO|00001262|CAPITAL FEDERAL|AR-C|8:00 a 22:00|8:00 a 22:00|8:00 a 22:00|8:00 a 22:00|8:00 a 22:00|8:00 a 22:00|8:00 a 22:00
15|1|404|404 - VILLA LUGANO|Autoservicio|MURGUIONDO 3236||-34.668423|-58.486858||VILLA LUGANO|00001439|CAPITAL FEDERAL|AR-C|8:00 a 22:00|8:00 a 22:00|8:00 a 22:00|8:00 a 22:00|8:00 a 22:00|8:00 a 22:00|8:00 a 22:00
15|1|407|407 - NÚÑEZ|Autoservicio|CIUDAD DE LA PAZ 1984 (BELGRANO)||-34.5637332|-58.4567305||NÚÑEZ|00001428|CAPITAL FEDERAL|AR-C|8:00 a 22:00|8:00 a 22:00|8:00 a 22:00|8:00 a 22:00|8:00 a 22:00|8:00 a 22:00|8:00 a 22:00
15|1|408|408 - PALERMO|Autoservicio|AV RAUL SCALABRINI ORTIZ 1647 (PALERMO)||-34.5905692|-58.4244299||PALERMO|00001414|CAPITAL FEDERAL|AR-C|8:00 a 22:00|8:00 a 22:00|8:00 a 22:00|8:00 a 22:00|8:00 a 22:00|8:00 a 22:00|8:00 a 22:00
15|1|409|409 - FLORES|Autoservicio|JOSE BONIFACIO 1773 (FLORES)||-34.6299045|-58.3891921||FLORES|00001406|CAPITAL FEDERAL|AR-C|8:00 a 22:00|8:00 a 22:00|8:00 a 22:00|8:00 a 22:00|8:00 a 22:00|8:00 a 22:00|8:00 a 22:00
15|1|410|410 - VILLA DEVOTO|Autoservicio|AV LOPE DE VEGA 3472 ( VILLA DEVOTO)||-34.6119685|-58.5279779||VILLA DEVOTO|00001419|CAPITAL FEDERAL|AR-C|8:00 a 22:00|8:00 a 22:00|8:00 a 22:00|8:00 a 22:00|8:00 a 22:00|8:00 a 22:00|8:00 a 22:00
15|1|411|411 - LINIERS|Autoservicio|PATRON 6273 ( LINIERS)||-34.6467684|-58.5140065||LINIERS|00001408|CAPITAL FEDERAL|AR-C|8:00 a 22:00|8:00 a 22:00|8:00 a 22:00|8:00 a 22:00|8:00 a 22:00|8:00 a 22:00|8:00 a 22:00
15|1|412|412 - VILLA URQUIZA|Autoservicio|AV TRIUNVIRATO 4933 ( VILLA URQUIZA)||-34.5727565|-58.4883282||VILLA URQUIZA|00001431|CAPITAL FEDERAL|AR-C|8:00 a 22:00|8:00 a 22:00|8:00 a 22:00|8:00 a 22:00|8:00 a 22:00|8:00 a 22:00|8:00 a 22:00
15|1|413|413 - NÚÑEZ|Autoservicio|AV MONROE 2442 (BELGRANO)||-34.5585404|-58.4603022||NÚÑEZ|00001428|CAPITAL FEDERAL|AR-C|8:00 a 22:00|8:00 a 22:00|8:00 a 22:00|8:00 a 22:00|8:00 a 22:00|8:00 a 22:00|8:00 a 22:00
15|1|414|414 - COLEGIALES|Autoservicio|AV ELCANO 3521 (COLEGIALES)||-34.577198|-58.4599651||COLEGIALES|00001426|CAPITAL FEDERAL|AR-C|8:00 a 22:00|8:00 a 22:00|8:00 a 22:00|8:00 a 22:00|8:00 a 22:00|8:00 a 22:00|8:00 a 22:00
15|1|415|415 - RETIRO|Autoservicio|PARAGUAY 788 (RETIRO)||-34.5976686|-58.3781834||RETIRO|00001057|CAPITAL FEDERAL|AR-C|8:00 a 22:00|8:00 a 22:00|8:00 a 22:00|8:00 a 22:00|8:00 a 22:00|8:00 a 22:00|8:00 a 22:00
15|1|417|417 - COLEGIALES|Autoservicio|AV CABILDO 1426 (COLEGIALES)||-34.5672438|-58.4502161||COLEGIALES|00001426|CAPITAL FEDERAL|AR-C|8:00 a 22:00|8:00 a 22:00|8:00 a 22:00|8:00 a 22:00|8:00 a 22:00|8:00 a 22:00|8:00 a 22:00
15|1|418|418 - PARQUE CHAS|Autoservicio|AV DE LOS INCAS 4701 (PARQUE CHAS)||-34.5830372|-58.476676||PARQUE CHAS|00001427|CAPITAL FEDERAL|AR-C|8:00 a 22:00|8:00 a 22:00|8:00 a 22:00|8:00 a 22:00|8:00 a 22:00|8:00 a 22:00|8:00 a 22:00
15|1|420|420 - VILLA ORTÚZAR|Autoservicio|AVTRIUNVIRATO 3217 ( VILLA ORTUZA)||-34.583693|-58.4675266||VILLA ORTÚZAR|00001427|CAPITAL FEDERAL|AR-C|8:00 a 22:00|8:00 a 22:00|8:00 a 22:00|8:00 a 22:00|8:00 a 22:00|8:00 a 22:00|8:00 a 22:00
15|1|421|421 - MONSERRAT|Autoservicio|PERU 486 ( MONSERRAT)||-34.6136307|-58.3746625||MONSERRAT|00001067|CAPITAL FEDERAL|AR-C|8:00 a 22:00|8:00 a 22:00|8:00 a 22:00|8:00 a 22:00|8:00 a 22:00|8:00 a 22:00|8:00 a 22:00
15|1|422|422 - VÉLEZ SÁRSFIELD|Autoservicio|AV JUSTO DOCTOR JUAN BAUTISTA 7533/37/43 (V.SARFIELD)||-34.6298967|-58.4954224||VÉLEZ SÁRSFIELD|00001407|CAPITAL FEDERAL|AR-C|8:00 a 22:00|8:00 a 22:00|8:00 a 22:00|8:00 a 22:00|8:00 a 22:00|8:00 a 22:00|8:00 a 22:00
15|1|424|424 - PALERMO|Autoservicio|AV CORDOBA 5799 (PALERMO)||-34.5861248|-58.442219||PALERMO|00001414|CAPITAL FEDERAL|AR-C|8:00 a 22:00|8:00 a 22:00|8:00 a 22:00|8:00 a 22:00|8:00 a 22:00|8:00 a 22:00|8:00 a 22:00
15|1|427|427 - PALERMO|Autoservicio|EL SALVADOR 5675 (PALERMO)||-34.5827139|-58.4360493||PALERMO|00001414|CAPITAL FEDERAL|AR-C|8:00 a 22:00|8:00 a 22:00|8:00 a 22:00|8:00 a 22:00|8:00 a 22:00|8:00 a 22:00|8:00 a 22:00
15|1|428|428 - PALERMO|Autoservicio|AV FEDERICO LACROZE 2178 (PALERMO)||-34.56768|-58.4428269||PALERMO|00001426|CAPITAL FEDERAL|AR-C|8:00 a 22:00|8:00 a 22:00|8:00 a 22:00|8:00 a 22:00|8:00 a 22:00|8:00 a 22:00|8:00 a 22:00
15|1|429|429 - VILLA LUGANO|Autoservicio|AV ESCALADA 2341 (VILLA LUGANO)||-34.659422|-58.476611||VILLA LUGANO|00001439|CAPITAL FEDERAL|AR-C|8:00 a 22:00|8:00 a 22:00|8:00 a 22:00|8:00 a 22:00|8:00 a 22:00|8:00 a 22:00|8:00 a 22:00
15|1|430|430 - NÚÑEZ|Autoservicio|AV LIBERTADOR 6144 (BELGRANO)||-34.55308|-58.48897||NÚÑEZ|00001428|CAPITAL FEDERAL|AR-C|8:00 a 22:00|8:00 a 22:00|8:00 a 22:00|8:00 a 22:00|8:00 a 22:00|8:00 a 22:00|8:00 a 22:00
15|1|431|431 - VILLA CRESPO|Autoservicio|AV CORRIENTES 4938 (VILLA CRESPO)||-34.600968|-58.435513||VILLA CRESPO|00001414|CAPITAL FEDERAL|AR-C|8:00 a 22:00|8:00 a 22:00|8:00 a 22:00|8:00 a 22:00|8:00 a 22:00|8:00 a 22:00|8:00 a 22:00
15|1|432|432 - PARANA-ENTRE RIOS|Autoservicio|CL GRAL. GERVASIO ARTIGAS 883||-31.755047|-60.509048||PARANA-ENTRE RIOS|00003100|ENTRE RIOS|AR-E|8:00 a 22:00|8:00 a 22:00|8:00 a 22:00|8:00 a 22:00|8:00 a 22:00|8:00 a 22:00|8:00 a 22:00
15|1|433|433 - PARANA-ENTRE RIOS|Autoservicio|AV CHURRUARIN 601||-31.743916|-60.509477||PARANA-ENTRE RIOS|00003100|ENTRE RIOS|AR-E|8:00 a 22:00|8:00 a 22:00|8:00 a 22:00|8:00 a 22:00|8:00 a 22:00|8:00 a 22:00|8:00 a 22:00
15|1|434|434 - PARANA-ENTRE RIOS|Autoservicio|LOS CEIBOS 798||-31.734235|-60.547349||PARANA-ENTRE RIOS|00003100|ENTRE RIOS|AR-E|8:00 a 22:00|8:00 a 22:00|8:00 a 22:00|8:00 a 22:00|8:00 a 22:00|8:00 a 22:00|8:00 a 22:00
15|1|435|435 - VILLA URQUIZA|Autoservicio|AV ALVAREZ THOMAS 3210 (VILLA URQUIZA)||-34.5716404|-58.4831992||VILLA URQUIZA|00001431|CAPITAL FEDERAL|AR-C|8:00 a 22:00|8:00 a 22:00|8:00 a 22:00|8:00 a 22:00|8:00 a 22:00|8:00 a 22:00|8:00 a 22:00
15|1|436|436 - ALMAGRO|Autoservicio|RAWSON 26 (ALMAGRO)||-34.612793|-58.42542||ALMAGRO|00001182|CAPITAL FEDERAL|AR-C|8:00 a 22:00|8:00 a 22:00|8:00 a 22:00|8:00 a 22:00|8:00 a 22:00|8:00 a 22:00|8:00 a 22:00
15|1|439|439 - MONSERRAT|Autoservicio|AV DE MAYO 1431 (MONSERRAT)||-34.609441|-58.386606||MONSERRAT|00001085|CAPITAL FEDERAL|AR-C|8:00 a 22:00|8:00 a 22:00|8:00 a 22:00|8:00 a 22:00|8:00 a 22:00|8:00 a 22:00|8:00 a 22:00
15|1|440|440 - ALMAGRO|Autoservicio|AV CORRIENTES 3853 (ALMAGRO)||-34.603357|-58.418825||ALMAGRO|00001194|CAPITAL FEDERAL|AR-C|8:00 a 22:00|8:00 a 22:00|8:00 a 22:00|8:00 a 22:00|8:00 a 22:00|8:00 a 22:00|8:00 a 22:00
15|1|442|442 - VIALE|Autoservicio|SARMIENTO Y 9 DE JULIO||-31.870218|-60.00852||VIALE|00003109|ENTRE RIOS|AR-E|8:00 a 22:00|8:00 a 22:00|8:00 a 22:00|8:00 a 22:00|8:00 a 22:00|8:00 a 22:00|8:00 a 22:00
15|1|443|443 - PARANA-ENTRE RIOS|Autoservicio|TTE. MIGUEL GIMENEZ 2553 (COLONIA AVELLENEDA)||-31.763742|-60.412963||PARANA-ENTRE RIOS|00003107|ENTRE RIOS|AR-E|8:00 a 22:00|8:00 a 22:00|8:00 a 22:00|8:00 a 22:00|8:00 a 22:00|8:00 a 22:00|8:00 a 22:00
15|1|446|446 - CABALLITO|Autoservicio|OTAMENDI 443 (CABALLITO)||-34.6117242|-58.4332766||CABALLITO|00001405|CAPITAL FEDERAL|AR-C|8:00 a 22:00|8:00 a 22:00|8:00 a 22:00|8:00 a 22:00|8:00 a 22:00|8:00 a 22:00|8:00 a 22:00
15|1|447|447 - MATADEROS|Autoservicio|AVDIRECTORIO 5024 (MATADEROS)||-34.6510531|-58.4911522||MATADEROS|00001440|CAPITAL FEDERAL|AR-C|8:00 a 22:00|8:00 a 22:00|8:00 a 22:00|8:00 a 22:00|8:00 a 22:00|8:00 a 22:00|8:00 a 22:00
15|1|448|448 - BOEDO|Autoservicio|AV LA PLATA 1570 (BOEDO)||-34.6333148|-58.4273412||BOEDO|00001250|CAPITAL FEDERAL|AR-C|8:00 a 22:00|8:00 a 22:00|8:00 a 22:00|8:00 a 22:00|8:00 a 22:00|8:00 a 22:00|8:00 a 22:00
15|1|451|451 - PALERMO|Autoservicio|SOLDADO DE LA INDEPENDENCIA 1236 (PALERMO)||-34.5643568|-58.4399389||PALERMO|00001426|CAPITAL FEDERAL|AR-C|8:00 a 22:00|8:00 a 22:00|8:00 a 22:00|8:00 a 22:00|8:00 a 22:00|8:00 a 22:00|8:00 a 22:00
15|1|452|452 - CORONEL VIDAL|Autoservicio|AV AVELLANEDA 110||-37.449135|-57.72747||CORONEL VIDAL|00007174|BUENOS AIRES|AR-B|8:00 a 22:00|8:00 a 22:00|8:00 a 22:00|8:00 a 22:00|8:00 a 22:00|8:00 a 22:00|8:00 a 22:00
15|1|454|454 - PARQUE CHACABUCO|Autoservicio|SARMIENTO 814 ( SAN NICOLAS)||-34.6047958|-58.3783133||PARQUE CHACABUCO|00001041|CAPITAL FEDERAL|AR-C|8:00 a 22:00|8:00 a 22:00|8:00 a 22:00|8:00 a 22:00|8:00 a 22:00|8:00 a 22:00|8:00 a 22:00
15|1|455|455 - FLORES|Autoservicio|JUNIN 638 ( BALVANERA)||-34.6016761|-58.3971054||FLORES|00001026|CAPITAL FEDERAL|AR-C|8:00 a 22:00|8:00 a 22:00|8:00 a 22:00|8:00 a 22:00|8:00 a 22:00|8:00 a 22:00|8:00 a 22:00
15|1|456|456 - VILLA LURO|Autoservicio|AV JUAN B. ALBERDI 4459 (VILLA LURO)||-34.6416461|-58.4887571||VILLA LURO|00001407|CAPITAL FEDERAL|AR-C|8:00 a 22:00|8:00 a 22:00|8:00 a 22:00|8:00 a 22:00|8:00 a 22:00|8:00 a 22:00|8:00 a 22:00
15|1|457|457 - MATADEROS|Autoservicio|AV DIRECTORIO 5640 ( MATADEROS)||-34.6550838|-58.4959797||MATADEROS|00001440|CAPITAL FEDERAL|AR-C|8:00 a 22:00|8:00 a 22:00|8:00 a 22:00|8:00 a 22:00|8:00 a 22:00|8:00 a 22:00|8:00 a 22:00
15|1|459|459 - COLEGIALES|Autoservicio|CAP. GRAL. RAMON FREIRE 954 (COLEGIALES)||-34.575674|-58.4519034||COLEGIALES|00001426|CAPITAL FEDERAL|AR-C|8:00 a 22:00|8:00 a 22:00|8:00 a 22:00|8:00 a 22:00|8:00 a 22:00|8:00 a 22:00|8:00 a 22:00
15|1|461|461 - FLORESTA|Autoservicio|AV SEGUROLA 1438 (FLORESTA)||-34.6227658|-58.4965228||FLORESTA|00001407|CAPITAL FEDERAL|AR-C|8:00 a 22:00|8:00 a 22:00|8:00 a 22:00|8:00 a 22:00|8:00 a 22:00|8:00 a 22:00|8:00 a 22:00
15|1|463|463 - CONSTITUCIÓN|Autoservicio|AV INDEPENDENCIA 838/840 (CONSTITUCION)||-34.6175785|-58.3779568||CONSTITUCIÓN|00001099|CAPITAL FEDERAL|AR-C|8:00 a 22:00|8:00 a 22:00|8:00 a 22:00|8:00 a 22:00|8:00 a 22:00|8:00 a 22:00|8:00 a 22:00
15|1|464|464 - MONSERRAT|Autoservicio|SUIPACHA 715/719/723/729 ( SAN NICOLAS)||-34.5998484|-58.3796545||MONSERRAT|00001008|CAPITAL FEDERAL|AR-C|8:00 a 22:00|8:00 a 22:00|8:00 a 22:00|8:00 a 22:00|8:00 a 22:00|8:00 a 22:00|8:00 a 22:00
15|1|465|465 - RETIRO|Autoservicio|CL TUCUMAN 439||-34.6008689|-58.3731891||RETIRO|00001049|CAPITAL FEDERAL|AR-C|8:00 a 22:00|8:00 a 22:00|8:00 a 22:00|8:00 a 22:00|8:00 a 22:00|8:00 a 22:00|8:00 a 22:00
15|1|466|466 - PALERMO|Autoservicio|GURRUCHAGA 1824 (PALERMO)||-34.5878485|-58.4270195||PALERMO|00001430|CAPITAL FEDERAL|AR-C|8:00 a 22:00|8:00 a 22:00|8:00 a 22:00|8:00 a 22:00|8:00 a 22:00|8:00 a 22:00|8:00 a 22:00
15|1|467|467 - COLEGIALES|Autoservicio|AMENABAR 1145 (COLEGIALES)||-34.5701559|-58.4501603||COLEGIALES|00001426|CAPITAL FEDERAL|AR-C|8:00 a 22:00|8:00 a 22:00|8:00 a 22:00|8:00 a 22:00|8:00 a 22:00|8:00 a 22:00|8:00 a 22:00
15|1|468|468 - PALERMO|Autoservicio|AV DORREGO 1747 (PALERMO)||-34.5814348|-58.4429618||PALERMO|00001414|CAPITAL FEDERAL|AR-C|8:00 a 22:00|8:00 a 22:00|8:00 a 22:00|8:00 a 22:00|8:00 a 22:00|8:00 a 22:00|8:00 a 22:00
15|1|469|469 - MATADEROS|Autoservicio|AVDE LOS CORRALES 7325 (MATADEROS)||-34.668003|-58.5068737||MATADEROS|00001440|CAPITAL FEDERAL|AR-C|8:00 a 22:00|8:00 a 22:00|8:00 a 22:00|8:00 a 22:00|8:00 a 22:00|8:00 a 22:00|8:00 a 22:00
15|1|470|470 - MONSERRAT|Autoservicio|AV RIVADAVIA 674 (SAN NICOLAS)||-34.6081269|-58.3760198||MONSERRAT|00001002|CAPITAL FEDERAL|AR-C|8:00 a 22:00|8:00 a 22:00|8:00 a 22:00|8:00 a 22:00|8:00 a 22:00|8:00 a 22:00|8:00 a 22:00
15|1|472|472 - VILLA GENERAL MITRE|Autoservicio|GRAL.JOSE GERVASIO ARTIGAS 1744 (VILLA GRAL.MITRE)||-34.6112838|-58.4743521||VILLA GENERAL MITRE|00001416|CAPITAL FEDERAL|AR-C|8:00 a 22:00|8:00 a 22:00|8:00 a 22:00|8:00 a 22:00|8:00 a 22:00|8:00 a 22:00|8:00 a 22:00
15|1|475|475 - RETIRO|Autoservicio|AV SAN MARTIN 1372 (CABALLITO)||-34.6071505|-58.4484476||RETIRO|00001416|CAPITAL FEDERAL|AR-C|8:00 a 22:00|8:00 a 22:00|8:00 a 22:00|8:00 a 22:00|8:00 a 22:00|8:00 a 22:00|8:00 a 22:00
15|1|476|476 - MONSERRAT|Autoservicio|HIPOLITO YRIGOYEN 1512 (MONSERRAT)||-34.6100864|-58.3878399||MONSERRAT|00001089|CAPITAL FEDERAL|AR-C|8:00 a 22:00|8:00 a 22:00|8:00 a 22:00|8:00 a 22:00|8:00 a 22:00|8:00 a 22:00|8:00 a 22:00
15|1|478|478 - CHACARITA|Autoservicio|AV DORREGO 1034/36 (CHACARITA)||-34.5893691|-58.4462919||CHACARITA|00001414|CAPITAL FEDERAL|AR-C|8:00 a 22:00|8:00 a 22:00|8:00 a 22:00|8:00 a 22:00|8:00 a 22:00|8:00 a 22:00|8:00 a 22:00
15|1|480|480 - SAAVEDRA|Autoservicio|AV DR. RICARDO BALBIN 4881 (SAAVEDRA)||-34.5521177|-58.4984145||SAAVEDRA|00001430|CAPITAL FEDERAL|AR-C|8:00 a 22:00|8:00 a 22:00|8:00 a 22:00|8:00 a 22:00|8:00 a 22:00|8:00 a 22:00|8:00 a 22:00
15|1|481|481 - BALVANERA|Autoservicio|AV RIVADAVIA 2089 (BALVANERA)||-34.6094575|-58.3961317||BALVANERA|00001033|CAPITAL FEDERAL|AR-C|8:00 a 22:00|8:00 a 22:00|8:00 a 22:00|8:00 a 22:00|8:00 a 22:00|8:00 a 22:00|8:00 a 22:00
15|1|484|484 - PUERTO MADERO|Autoservicio|JUANA MANSO 530 (PUERTO MADERO)||-34.6034242|-58.3634962||PUERTO MADERO|00001107|CAPITAL FEDERAL|AR-C|8:00 a 22:00|8:00 a 22:00|8:00 a 22:00|8:00 a 22:00|8:00 a 22:00|8:00 a 22:00|8:00 a 22:00
15|1|485|485 - ALMAGRO|Autoservicio|AV BOEDO 431( ALMAGRO)||-34.6177626|-58.416892||ALMAGRO|00001218|CAPITAL FEDERAL|AR-C|8:00 a 22:00|8:00 a 22:00|8:00 a 22:00|8:00 a 22:00|8:00 a 22:00|8:00 a 22:00|8:00 a 22:00
15|1|486|486 - NÚÑEZ|Autoservicio|CRISOLOGO LARRALDE 2287 (NUÑEZ)||-34.5482475|-58.4669121||NÚÑEZ|00001429|CAPITAL FEDERAL|AR-C|8:00 a 22:00|8:00 a 22:00|8:00 a 22:00|8:00 a 22:00|8:00 a 22:00|8:00 a 22:00|8:00 a 22:00
15|1|487|487 - NÚÑEZ|Autoservicio|VIDAL 2463/69 (BELGRANO)||-34.5608571|-58.4631715||NÚÑEZ|00001428|CAPITAL FEDERAL|AR-C|8:00 a 22:00|8:00 a 22:00|8:00 a 22:00|8:00 a 22:00|8:00 a 22:00|8:00 a 22:00|8:00 a 22:00
15|1|488|488 - VILLA URQUIZA|Autoservicio|GRAL. MARIANO ACHA 3060 (VILLA URQUIZA)||-34.5653623|-58.4832909||VILLA URQUIZA|00001430|CAPITAL FEDERAL|AR-C|8:00 a 22:00|8:00 a 22:00|8:00 a 22:00|8:00 a 22:00|8:00 a 22:00|8:00 a 22:00|8:00 a 22:00
15|1|489|489 - VILLA SANTA RITA|Autoservicio|CUENCA 1560 (VILLA SANTA RITA)||-34.6158804|-58.4833332||VILLA SANTA RITA|00001416|CAPITAL FEDERAL|AR-C|8:00 a 22:00|8:00 a 22:00|8:00 a 22:00|8:00 a 22:00|8:00 a 22:00|8:00 a 22:00|8:00 a 22:00
15|1|490|490 - VILLA GENERAL MITRE|Autoservicio|AV JUAN B.JUSTO 5030 (VILLA GRAN MITRE)||-34.6121897|-58.4693123||VILLA GENERAL MITRE|00001416|CAPITAL FEDERAL|AR-C|8:00 a 22:00|8:00 a 22:00|8:00 a 22:00|8:00 a 22:00|8:00 a 22:00|8:00 a 22:00|8:00 a 22:00
15|1|491|491 - CABALLITO|Autoservicio|VALLE 509 / 519 (CABALLITO)||-34.6244356|-58.4349162||CABALLITO|00001424|CAPITAL FEDERAL|AR-C|8:00 a 22:00|8:00 a 22:00|8:00 a 22:00|8:00 a 22:00|8:00 a 22:00|8:00 a 22:00|8:00 a 22:00
15|1|493|493 - MONSERRAT|Autoservicio|LIMA 277 (MONSERRAT)||-34.6116871|-58.381835||MONSERRAT|00001073|CAPITAL FEDERAL|AR-C|8:00 a 22:00|8:00 a 22:00|8:00 a 22:00|8:00 a 22:00|8:00 a 22:00|8:00 a 22:00|8:00 a 22:00
15|1|495|495 - DIAMANTE|Autoservicio|SARMIENTO S/N ESQ. MORENO||-32.070467|-60.637659||DIAMANTE|00003105|ENTRE RIOS|AR-E|8:00 a 22:00|8:00 a 22:00|8:00 a 22:00|8:00 a 22:00|8:00 a 22:00|8:00 a 22:00|8:00 a 22:00
15|1|497|497 - RETIRO|Autoservicio|AV SANTA FE 927 (RETIRO)||-34.5951915|-58.3804858||RETIRO|00001059|CAPITAL FEDERAL|AR-C|8:00 a 22:00|8:00 a 22:00|8:00 a 22:00|8:00 a 22:00|8:00 a 22:00|8:00 a 22:00|8:00 a 22:00
15|1|498|498 - SAAVEDRA|Autoservicio|AV RUIS HUIDOBRO 3942/44 (SAAVEDRA)||-34.5512734|-58.4871771||SAAVEDRA|00001430|CAPITAL FEDERAL|AR-C|8:00 a 22:00|8:00 a 22:00|8:00 a 22:00|8:00 a 22:00|8:00 a 22:00|8:00 a 22:00|8:00 a 22:00
15|1|499|499 - EL PALOMAR|Autoservicio|MISIONES 6458 (PALOMAR)||-34.605001|-58.594873||EL PALOMAR|00001678|BUENOS AIRES|AR-B|8:00 a 22:00|8:00 a 22:00|8:00 a 22:00|8:00 a 22:00|8:00 a 22:00|8:00 a 22:00|8:00 a 22:00
15|1|500|500 - RETIRO|Autoservicio|CL LIBERTAD 1630 (RETIRO)||-34.5892217|-58.3834012||RETIRO|00001016|CAPITAL FEDERAL|AR-C|8:00 a 22:00|8:00 a 22:00|8:00 a 22:00|8:00 a 22:00|8:00 a 22:00|8:00 a 22:00|8:00 a 22:00
15|1|501|501 - VILLA ORTÚZAR|Autoservicio|AV TRIUNVIRATO 3551 (VILLA URTUZAR )||-34.5823064|-58.4716114||VILLA ORTÚZAR|00001427|CAPITAL FEDERAL|AR-C|8:00 a 22:00|8:00 a 22:00|8:00 a 22:00|8:00 a 22:00|8:00 a 22:00|8:00 a 22:00|8:00 a 22:00
15|1|502|502 - CHACARITA|Autoservicio|CORDOBA 6075 (CHACARITA)||-34.5838928|-58.445996||CHACARITA|00001427|CAPITAL FEDERAL|AR-C|8:00 a 22:00|8:00 a 22:00|8:00 a 22:00|8:00 a 22:00|8:00 a 22:00|8:00 a 22:00|8:00 a 22:00
15|1|505|505 - LINIERS|Autoservicio|AV RIVADAVIA 10536 (LINIERS)||-34.639328|-58.512082||LINIERS|00001408|CAPITAL FEDERAL|AR-C|8:00 a 22:00|8:00 a 22:00|8:00 a 22:00|8:00 a 22:00|8:00 a 22:00|8:00 a 22:00|8:00 a 22:00
15|1|507|507 - CAPITAL FEDERAL|Autoservicio|BAEZ 222/2224 (PALERMO)||-34.5726011|-58.43033184||CAPITAL FEDERAL|00001426|CAPITAL FEDERAL|AR-C|8:00 a 22:00|8:00 a 22:00|8:00 a 22:00|8:00 a 22:00|8:00 a 22:00|8:00 a 22:00|8:00 a 22:00
15|1|508|508 - FLORES|Autoservicio|VARELA 605/609 (FLORES)||-34.6366914|-58.4617314||FLORES|00001406|CAPITAL FEDERAL|AR-C|8:00 a 22:00|8:00 a 22:00|8:00 a 22:00|8:00 a 22:00|8:00 a 22:00|8:00 a 22:00|8:00 a 22:00
15|1|511|511 - VILLA CRESPO|Autoservicio|LEOPOLDO MARECHAL 1247/1249 (VILLA CRESPO)||-34.603977|-58.4403471||VILLA CRESPO|00001414|CAPITAL FEDERAL|AR-C|8:00 a 22:00|8:00 a 22:00|8:00 a 22:00|8:00 a 22:00|8:00 a 22:00|8:00 a 22:00|8:00 a 22:00
15|1|513|513 - VILLA LURO|Autoservicio|AV RIVADAVIA 10060 (VILLA LURO)||-34.6384109|-58.5053285||VILLA LURO|00001408|CAPITAL FEDERAL|AR-C|8:00 a 22:00|8:00 a 22:00|8:00 a 22:00|8:00 a 22:00|8:00 a 22:00|8:00 a 22:00|8:00 a 22:00
15|1|515|515 - MATADEROS|Autoservicio|AV EMILIO CASTRO 5266 (MATADEROS)||-34.6441987|-58.4986633||MATADEROS|00001440|CAPITAL FEDERAL|AR-C|8:00 a 22:00|8:00 a 22:00|8:00 a 22:00|8:00 a 22:00|8:00 a 22:00|8:00 a 22:00|8:00 a 22:00
15|1|518|518 - PARANA-ENTRE RIOS|Autoservicio|RAMIREZ 3154||-31.749003|-60.519333||PARANA-ENTRE RIOS|00003100|ENTRE RIOS|AR-E|8:00 a 22:00|8:00 a 22:00|8:00 a 22:00|8:00 a 22:00|8:00 a 22:00|8:00 a 22:00|8:00 a 22:00
15|1|520|520 - BARRACAS|Autoservicio|CALIFORNIA 1995 ( BARRACAS)||-34.6474444|-58.3763218||BARRACAS|00001289|CAPITAL FEDERAL|AR-C|8:00 a 22:00|8:00 a 22:00|8:00 a 22:00|8:00 a 22:00|8:00 a 22:00|8:00 a 22:00|8:00 a 22:00
15|1|521|521 - VILLA LUGANO|Autoservicio|AV EVA PERON 5462 (VILLA LUGANO)||-34.6610183|-58.4835747||VILLA LUGANO|00001439|CAPITAL FEDERAL|AR-C|8:00 a 22:00|8:00 a 22:00|8:00 a 22:00|8:00 a 22:00|8:00 a 22:00|8:00 a 22:00|8:00 a 22:00
15|1|522|522 - COGHLAN|Autoservicio|AV DR RICARDO BALBIN 3487 (COGHLAN)||-34.5568173|-58.4789878||COGHLAN|00001430|CAPITAL FEDERAL|AR-C|8:00 a 22:00|8:00 a 22:00|8:00 a 22:00|8:00 a 22:00|8:00 a 22:00|8:00 a 22:00|8:00 a 22:00
15|1|523|523 - PALERMO|Autoservicio|SCALABRINI ORTIZ 3170 (PALERMO)||-34.5802113|-58.4100975||PALERMO|00001425|CAPITAL FEDERAL|AR-C|8:00 a 22:00|8:00 a 22:00|8:00 a 22:00|8:00 a 22:00|8:00 a 22:00|8:00 a 22:00|8:00 a 22:00
15|1|524|524 - PARANA-ENTRE RIOS|Autoservicio|AV RAMIREZ 2244||-31.738721|-60.517162||PARANA-ENTRE RIOS|00003100|ENTRE RIOS|AR-E|8:00 a 22:00|8:00 a 22:00|8:00 a 22:00|8:00 a 22:00|8:00 a 22:00|8:00 a 22:00|8:00 a 22:00
15|1|527|527 - PALERMO|Autoservicio|AV CORDOBA 4667 (PALERMO)||-34.593583|-58.430572||PALERMO|00001414|CAPITAL FEDERAL|AR-C|8:00 a 22:00|8:00 a 22:00|8:00 a 22:00|8:00 a 22:00|8:00 a 22:00|8:00 a 22:00|8:00 a 22:00
15|1|528|528 - ALMAGRO|Autoservicio|GALLO 720/24 (ALMAGRO)||-34.601174|-58.412809||ALMAGRO|00001172|CAPITAL FEDERAL|AR-C|8:00 a 22:00|8:00 a 22:00|8:00 a 22:00|8:00 a 22:00|8:00 a 22:00|8:00 a 22:00|8:00 a 22:00
15|1|529|529 - VILLA REAL|Autoservicio|NOGOYA 6091 (VILLA REAL)||-34.625231|-58.526688||VILLA REAL|00001408|CAPITAL FEDERAL|AR-C|8:00 a 22:00|8:00 a 22:00|8:00 a 22:00|8:00 a 22:00|8:00 a 22:00|8:00 a 22:00|8:00 a 22:00
15|1|530|530 - VILLA LUGANO|Autoservicio|AV RIESTRA 5398 (VILLA LUGANO)||-34.674477|-58.47189||VILLA LUGANO|00001439|CAPITAL FEDERAL|AR-C|8:00 a 22:00|8:00 a 22:00|8:00 a 22:00|8:00 a 22:00|8:00 a 22:00|8:00 a 22:00|8:00 a 22:00
15|1|531|531 - VILLA LUGANO|Autoservicio|AV RIESTRA 6148 (VILLA LUGANO)||-34.680607|-58.478597||VILLA LUGANO|00001439|CAPITAL FEDERAL|AR-C|8:00 a 22:00|8:00 a 22:00|8:00 a 22:00|8:00 a 22:00|8:00 a 22:00|8:00 a 22:00|8:00 a 22:00
15|1|532|532 - CONSTITUCIÓN|Autoservicio|AV SAN JUAN 1261(CONSTITUCION)||-34.622075|-58.383908||CONSTITUCIÓN|00001148|CAPITAL FEDERAL|AR-C|8:00 a 22:00|8:00 a 22:00|8:00 a 22:00|8:00 a 22:00|8:00 a 22:00|8:00 a 22:00|8:00 a 22:00
15|1|533|533 - PARQUE AVELLANEDA|Autoservicio|MEDINA 715 (PARQUE AVELLANEDA)||-34.6433297|-58.485646||PARQUE AVELLANEDA|00001407|CAPITAL FEDERAL|AR-C|8:00 a 22:00|8:00 a 22:00|8:00 a 22:00|8:00 a 22:00|8:00 a 22:00|8:00 a 22:00|8:00 a 22:00
15|1|534|534 - PARANA-ENTRE RIOS|Autoservicio|BLAS PARERA 296||-31.752516|-60.496366||PARANA-ENTRE RIOS|00003100|ENTRE RIOS|AR-E|8:00 a 22:00|8:00 a 22:00|8:00 a 22:00|8:00 a 22:00|8:00 a 22:00|8:00 a 22:00|8:00 a 22:00
15|1|535|535 - VILLA URQUIZA|Autoservicio|OLAZABAL 4324 (VILLA URQUIZA)||-34.572029|-58.477695||VILLA URQUIZA|00001430|CAPITAL FEDERAL|AR-C|8:00 a 22:00|8:00 a 22:00|8:00 a 22:00|8:00 a 22:00|8:00 a 22:00|8:00 a 22:00|8:00 a 22:00
15|1|536|536 - LA BOCA|Autoservicio|GRAL.GREGORIO ARAOZ DE LAMADRID 728 (BOCA)||-34.63899|-58.362526||LA BOCA|00001166|CAPITAL FEDERAL|AR-C|8:00 a 22:00|8:00 a 22:00|8:00 a 22:00|8:00 a 22:00|8:00 a 22:00|8:00 a 22:00|8:00 a 22:00
15|1|537|537 - PALERMO|Autoservicio|JERONIMO SALGUERO 3044 (PALERMO)||-34.577265|-58.405981||PALERMO|00001425|CAPITAL FEDERAL|AR-C|8:00 a 22:00|8:00 a 22:00|8:00 a 22:00|8:00 a 22:00|8:00 a 22:00|8:00 a 22:00|8:00 a 22:00
15|1|539|539 - PARANA-ENTRE RIOS|Autoservicio|AV DON BOSCO 1482/1498||-31.736352|-60.494334||PARANA-ENTRE RIOS|00003100|ENTRE RIOS|AR-E|8:00 a 22:00|8:00 a 22:00|8:00 a 22:00|8:00 a 22:00|8:00 a 22:00|8:00 a 22:00|8:00 a 22:00
15|1|540|540 - VILLA CRESPO|Autoservicio|MURILLO 956 (VILLA CRESPO)||-34.598418|-58.446234||VILLA CRESPO|00001414|CAPITAL FEDERAL|AR-C|8:00 a 22:00|8:00 a 22:00|8:00 a 22:00|8:00 a 22:00|8:00 a 22:00|8:00 a 22:00|8:00 a 22:00
15|1|544|544 - BALVANERA|Autoservicio|TALCAHUANO 475 (SAN NICOLAS)||-34.60315|-58.385229||BALVANERA|00001013|CAPITAL FEDERAL|AR-C|8:00 a 22:00|8:00 a 22:00|8:00 a 22:00|8:00 a 22:00|8:00 a 22:00|8:00 a 22:00|8:00 a 22:00
15|1|547|547 - PARQUE CHACABUCO|Autoservicio|AV DEL BARCO CENTENERA 801 (PARQUE CHACABUCO )||-34.629103|-58.439518||PARQUE CHACABUCO|00001424|CAPITAL FEDERAL|AR-C|8:00 a 22:00|8:00 a 22:00|8:00 a 22:00|8:00 a 22:00|8:00 a 22:00|8:00 a 22:00|8:00 a 22:00
15|1|549|549 - FEDERAL|Autoservicio|HIPOLITOIRIGOYEN 1140||-30.945779|-58.788319||FEDERAL|00001086|ENTRE RIOS|AR-E|8:00 a 22:00|8:00 a 22:00|8:00 a 22:00|8:00 a 22:00|8:00 a 22:00|8:00 a 22:00|8:00 a 22:00
15|1|550|550 - PARANA-ENTRE RIOS|Autoservicio|GRAL.JOSE M.GALAN 1471||-31.741699|-60.539829||PARANA-ENTRE RIOS|00003100|ENTRE RIOS|AR-E|8:00 a 22:00|8:00 a 22:00|8:00 a 22:00|8:00 a 22:00|8:00 a 22:00|8:00 a 22:00|8:00 a 22:00
15|1|551|551 - CAPITAL FEDERAL|Autoservicio|ZELARRAYAN 5751 ( VILLA LUGANO)||-34.674371|-58.479934||CAPITAL FEDERAL|00001439|CAPITAL FEDERAL|AR-C|8:00 a 22:00|8:00 a 22:00|8:00 a 22:00|8:00 a 22:00|8:00 a 22:00|8:00 a 22:00|8:00 a 22:00
15|1|552|552 - PARQUE PATRICIOS|Autoservicio|AV CHICLANA 3230 (PARQUE PATRICIOS)||-34.633533|-58.410081||PARQUE PATRICIOS|00001259|CAPITAL FEDERAL|AR-C|8:00 a 22:00|8:00 a 22:00|8:00 a 22:00|8:00 a 22:00|8:00 a 22:00|8:00 a 22:00|8:00 a 22:00
15|1|553|553 - SAN JOSE DE FELICIANO|Autoservicio|RP2 149 ( O CALLE SAN MARTIN)||-30.3861619|-58.7488256||SAN JOSE DE FELICIANO|00003187|ENTRE RIOS|AR-E|8:00 a 22:00|8:00 a 22:00|8:00 a 22:00|8:00 a 22:00|8:00 a 22:00|8:00 a 22:00|8:00 a 22:00
15|1|555|555 - BARRACAS|Autoservicio|AV VELEZ SARSFIELD 472(BARRACAS)||-34.639891|-58.3899128||BARRACAS|00001281|CAPITAL FEDERAL|AR-C|8:00 a 22:00|8:00 a 22:00|8:00 a 22:00|8:00 a 22:00|8:00 a 22:00|8:00 a 22:00|8:00 a 22:00
15|1|556|556 - PARANA-ENTRE RIOS|Autoservicio|FOTOGRAFO CARLOS PRA 12||-31.7680244|-60.5236609||PARANA-ENTRE RIOS|00003100|ENTRE RIOS|AR-E|8:00 a 22:00|8:00 a 22:00|8:00 a 22:00|8:00 a 22:00|8:00 a 22:00|8:00 a 22:00|8:00 a 22:00
15|1|557|557 - CAPITAL FEDERAL|Autoservicio|LA RIOJA 916 (SAN CRISTOBAL)||-34.621097|-58.4074379||CAPITAL FEDERAL|00001221|CAPITAL FEDERAL|AR-C|8:00 a 22:00|8:00 a 22:00|8:00 a 22:00|8:00 a 22:00|8:00 a 22:00|8:00 a 22:00|8:00 a 22:00
15|1|558|558 - CAPITAL FEDERAL|Autoservicio|AV ALBARELLOS 2666 (VILLA PUEYRREDON)||-34.5760437|-58.5072986||CAPITAL FEDERAL|00001419|CAPITAL FEDERAL|AR-C|8:00 a 22:00|8:00 a 22:00|8:00 a 22:00|8:00 a 22:00|8:00 a 22:00|8:00 a 22:00|8:00 a 22:00
15|1|559|559 - LINIERS|Autoservicio|MONTIEL 261 (LINIERS)||-34.6423533|-58.5262156||LINIERS|00001408|CAPITAL FEDERAL|AR-C|8:00 a 22:00|8:00 a 22:00|8:00 a 22:00|8:00 a 22:00|8:00 a 22:00|8:00 a 22:00|8:00 a 22:00
15|1|560|560 - VILLA DEL PARQUE|Autoservicio|AV SAN MARTIN 4162 (VILLA DEL PARQUE)||-34.599332|-58.480486||VILLA DEL PARQUE|00001417|CAPITAL FEDERAL|AR-C|8:00 a 22:00|8:00 a 22:00|8:00 a 22:00|8:00 a 22:00|8:00 a 22:00|8:00 a 22:00|8:00 a 22:00
15|1|561|561 - CAPITAL FEDERAL|Autoservicio|AV SEGUROLA 1720 (VILLA DEL PARQUE)||-34.6203243|-58.4997255||CAPITAL FEDERAL|00001417|CAPITAL FEDERAL|AR-C|8:00 a 22:00|8:00 a 22:00|8:00 a 22:00|8:00 a 22:00|8:00 a 22:00|8:00 a 22:00|8:00 a 22:00
15|1|562|562 - PALERMO|Autoservicio|AV SANTA FE 4012 (PALERMO)||-34.5822652|-58.4202581||PALERMO|00001425|CAPITAL FEDERAL|AR-C|8:00 a 22:00|8:00 a 22:00|8:00 a 22:00|8:00 a 22:00|8:00 a 22:00|8:00 a 22:00|8:00 a 22:00
15|1|563|563 - ALMAGRO|Autoservicio|AV CORDOBA 3810/12/14 (ALMAGRO)||-34.5977771|-58.4205029||ALMAGRO|00001188|CAPITAL FEDERAL|AR-C|8:00 a 22:00|8:00 a 22:00|8:00 a 22:00|8:00 a 22:00|8:00 a 22:00|8:00 a 22:00|8:00 a 22:00
15|1|564|564 - LARROQUE|Autoservicio|AV GRAL. URQUIZA 256||-33.0367417|-58.9981313||LARROQUE|00002854|ENTRE RIOS|AR-E|8:00 a 22:00|8:00 a 22:00|8:00 a 22:00|8:00 a 22:00|8:00 a 22:00|8:00 a 22:00|8:00 a 22:00
15|1|567|567 - CAPITAL FEDERAL|Autoservicio|AV DE LOS CONSTITUYENTES 4666 (VILLA PUEYRREDON)||-34.581169|-58.493252||CAPITAL FEDERAL|00001431|CAPITAL FEDERAL|AR-C|8:00 a 22:00|8:00 a 22:00|8:00 a 22:00|8:00 a 22:00|8:00 a 22:00|8:00 a 22:00|8:00 a 22:00
15|1|568|568 - CAPITAL FEDERAL|Autoservicio|AV CONGRESO 5781 (VILLA URQUIZA)||-34.5738067|-58.4978846||CAPITAL FEDERAL|00001431|CAPITAL FEDERAL|AR-C|8:00 a 22:00|8:00 a 22:00|8:00 a 22:00|8:00 a 22:00|8:00 a 22:00|8:00 a 22:00|8:00 a 22:00
15|1|569|569 - MARIANO ACOSTA|Autoservicio|FIGUEROA ALCORTA(O VIDT)ESQ GELLY (MARIANO ACOSTA)||-34.7212|-58.790951||MARIANO ACOSTA|00001723|BUENOS AIRES|AR-B|8:00 a 22:00|8:00 a 22:00|8:00 a 22:00|8:00 a 22:00|8:00 a 22:00|8:00 a 22:00|8:00 a 22:00
15|1|570|570 - CAPITAL FEDERAL|Autoservicio|AV SAN MARTIN 7305 (VILLA DEVOTO)||-34.5899574|-58.5167149||CAPITAL FEDERAL|00001419|CAPITAL FEDERAL|AR-C|8:00 a 22:00|8:00 a 22:00|8:00 a 22:00|8:00 a 22:00|8:00 a 22:00|8:00 a 22:00|8:00 a 22:00
15|1|572|572 - PARQUE CHACABUCO|Autoservicio|AV COBO 921 (PARQUE CHACABUCO)||-34.64101227|-58.42899124||PARQUE CHACABUCO|00001424|CAPITAL FEDERAL|AR-C|8:00 a 22:00|8:00 a 22:00|8:00 a 22:00|8:00 a 22:00|8:00 a 22:00|8:00 a 22:00|8:00 a 22:00
15|1|573|573 - CAPITAL FEDERAL|Autoservicio|AV CRAMER 3226 (NUÑEZ)||-34.5548663|-58.4700335||CAPITAL FEDERAL|00001429|CAPITAL FEDERAL|AR-C|8:00 a 22:00|8:00 a 22:00|8:00 a 22:00|8:00 a 22:00|8:00 a 22:00|8:00 a 22:00|8:00 a 22:00
15|1|574|574 - CAPITAL FEDERAL|Autoservicio|GALVAN 3460 ( VILLA URQUIZA)||-34.5631748|-58.490732||CAPITAL FEDERAL|00001431|CAPITAL FEDERAL|AR-C|8:00 a 22:00|8:00 a 22:00|8:00 a 22:00|8:00 a 22:00|8:00 a 22:00|8:00 a 22:00|8:00 a 22:00
15|1|575|575 - CURUZU-CUATIA|Autoservicio|URUGUAY 1470||-29.7794731|-58.073937||CURUZU-CUATIA|00003460|CORRIENTES|AR-W|8:00 a 22:00|8:00 a 22:00|8:00 a 22:00|8:00 a 22:00|8:00 a 22:00|8:00 a 22:00|8:00 a 22:00
15|1|576|576 - CAPITAL FEDERAL|Autoservicio|AV CRAMER4345 (SAAVEDRA)||-34.5448639|-58.47637506||CAPITAL FEDERAL|00001429|CAPITAL FEDERAL|AR-C|8:00 a 22:00|8:00 a 22:00|8:00 a 22:00|8:00 a 22:00|8:00 a 22:00|8:00 a 22:00|8:00 a 22:00
15|1|578|578 - CAPITAL FEDERAL|Autoservicio|SIMBRON 5768 (VILLA REAL)||-34.620408|-58.52621||CAPITAL FEDERAL|00001408|CAPITAL FEDERAL|AR-C|8:00 a 22:00|8:00 a 22:00|8:00 a 22:00|8:00 a 22:00|8:00 a 22:00|8:00 a 22:00|8:00 a 22:00
15|1|579|579 - PARQUE CHACABUCO|Autoservicio|DEL BARCO CENTENERA 1246 (PARQUE CHACABUCO)||-34.6338144|-58.4361472||PARQUE CHACABUCO|00001424|CAPITAL FEDERAL|AR-C|8:00 a 22:00|8:00 a 22:00|8:00 a 22:00|8:00 a 22:00|8:00 a 22:00|8:00 a 22:00|8:00 a 22:00
15|1|581|581 - CAPITAL FEDERAL|Autoservicio|ECUADOR 762 (BALVANERA)||-34.601131|-58.406988||CAPITAL FEDERAL|00001214|CAPITAL FEDERAL|AR-C|8:00 a 22:00|8:00 a 22:00|8:00 a 22:00|8:00 a 22:00|8:00 a 22:00|8:00 a 22:00|8:00 a 22:00
15|1|582|582 - CRUCECITAS SANTA LUCIA|Autoservicio|AV SAN MARTIN 690||-28.986113|-59.10309||CRUCECITAS SANTA LUCIA|00003440|CORRIENTES|AR-W|8:00 a 22:00|8:00 a 22:00|8:00 a 22:00|8:00 a 22:00|8:00 a 22:00|8:00 a 22:00|8:00 a 22:00
15|1|584|584 - SAN BENITO|Autoservicio|AV GUIDO MARIZZA ESQ. CONCORDIA||-31.768899|-60.433338||SAN BENITO|00003107|ENTRE RIOS|AR-E|8:00 a 22:00|8:00 a 22:00|8:00 a 22:00|8:00 a 22:00|8:00 a 22:00|8:00 a 22:00|8:00 a 22:00
15|1|586|586 - MONSERRAT|Autoservicio|AV PASEO COLON 464 (MONSERRAT)||-34.612999|-58.368742||MONSERRAT|00001063|CAPITAL FEDERAL|AR-C|8:00 a 22:00|8:00 a 22:00|8:00 a 22:00|8:00 a 22:00|8:00 a 22:00|8:00 a 22:00|8:00 a 22:00
15|1|587|587 - ALMAGRO|Autoservicio|QUINTINO BOCAYUVA 352 (ALMAGRO)||-34.616311|-58.422577||ALMAGRO|00001181|CAPITAL FEDERAL|AR-C|8:00 a 22:00|8:00 a 22:00|8:00 a 22:00|8:00 a 22:00|8:00 a 22:00|8:00 a 22:00|8:00 a 22:00
15|1|588|588 - CABALLITO|Autoservicio|AV DIAZ VELEZ 5540 (CABALLITO)||-34.608186|-58.444456||CABALLITO|00001405|CAPITAL FEDERAL|AR-C|8:00 a 22:00|8:00 a 22:00|8:00 a 22:00|8:00 a 22:00|8:00 a 22:00|8:00 a 22:00|8:00 a 22:00
15|1|590|590 - VILLA HERNANDARIAS|Autoservicio|LA RIOJA 164||-31.231412|-59.987265||VILLA HERNANDARIAS|00003127|ENTRE RIOS|AR-E|8:00 a 22:00|8:00 a 22:00|8:00 a 22:00|8:00 a 22:00|8:00 a 22:00|8:00 a 22:00|8:00 a 22:00
15|1|591|591 - SAN TELMO|Autoservicio|CL DEFENSA 748 (SAN TELMO)||-34.61647|-58.371491||SAN TELMO|00001065|CAPITAL FEDERAL|AR-C|8:00 a 22:00|8:00 a 22:00|8:00 a 22:00|8:00 a 22:00|8:00 a 22:00|8:00 a 22:00|8:00 a 22:00
15|1|592|592 - BOEDO|Autoservicio|AV LA PLATA 1216 (BOEDO)||-34.629614|-58.425882||BOEDO|00001250|CAPITAL FEDERAL|AR-C|8:00 a 22:00|8:00 a 22:00|8:00 a 22:00|8:00 a 22:00|8:00 a 22:00|8:00 a 22:00|8:00 a 22:00
15|1|627|627 - CAPITAL FEDERAL|Autoservicio|CL HIDALGO 1534/36||-34.603358|-58.444862||CAPITAL FEDERAL|00001414|CAPITAL FEDERAL|AR-C|8:00 a 22:00|8:00 a 22:00|8:00 a 22:00|8:00 a 22:00|8:00 a 22:00|8:00 a 22:00|8:00 a 22:00
15|1|632|632 - PASO DE LA PATRIA|Autoservicio|LA RIOJA 560||-27.317845|-58.571672||PASO DE LA PATRIA|00003409|CORRIENTES|AR-W|8:00 a 22:00|8:00 a 22:00|8:00 a 22:00|8:00 a 22:00|8:00 a 22:00|8:00 a 22:00|8:00 a 22:00
15|1|638|638 - CAPITAL FEDERAL|Autoservicio|AV INDEPENDENCIA 4030/32||-34.621669|-58.42257||CAPITAL FEDERAL|00001226|CAPITAL FEDERAL|AR-C|8:00 a 22:00|8:00 a 22:00|8:00 a 22:00|8:00 a 22:00|8:00 a 22:00|8:00 a 22:00|8:00 a 22:00
15|1|679|679 - RECOLETA|Autoservicio|ARENALES 2017||-34.594348|-58.396203||RECOLETA|00001124|CAPITAL FEDERAL|AR-C|8:00 a 22:00|8:00 a 22:00|8:00 a 22:00|8:00 a 22:00|8:00 a 22:00|8:00 a 22:00|8:00 a 22:00
15|1|687|687 - CAPITAL FEDERAL|Autoservicio|CUENCA2567/69||-34.60596|-58.491073||CAPITAL FEDERAL|00001417|CAPITAL FEDERAL|AR-C|8:00 a 22:00|8:00 a 22:00|8:00 a 22:00|8:00 a 22:00|8:00 a 22:00|8:00 a 22:00|8:00 a 22:00
15|1|689|689 - ALMAGRO|Autoservicio|GASCON 316||-34.6084278|-58.4246824||ALMAGRO|00001181|CAPITAL FEDERAL|AR-C|8:00 a 22:00|8:00 a 22:00|8:00 a 22:00|8:00 a 22:00|8:00 a 22:00|8:00 a 22:00|8:00 a 22:00
15|1|690|690 - PALERMO|Autoservicio|HUMBOLDT 1574||-34.585471|-58.436601||PALERMO|00001414|CAPITAL FEDERAL|AR-C|8:00 a 22:00|8:00 a 22:00|8:00 a 22:00|8:00 a 22:00|8:00 a 22:00|8:00 a 22:00|8:00 a 22:00
15|1|692|692 - ALMAGRO|Autoservicio|AV INDEPENDENCIA 3311/3323||-34.620567|-58.412729||ALMAGRO|00001225|CAPITAL FEDERAL|AR-C|8:00 a 22:00|8:00 a 22:00|8:00 a 22:00|8:00 a 22:00|8:00 a 22:00|8:00 a 22:00|8:00 a 22:00
15|1|696|696 - VILLA PUEYRREDÓN|Autoservicio|NAZCA 5832||-34.5773569|-58.5102555||VILLA PUEYRREDÓN|00001419|CAPITAL FEDERAL|AR-C|8:00 a 22:00|8:00 a 22:00|8:00 a 22:00|8:00 a 22:00|8:00 a 22:00|8:00 a 22:00|8:00 a 22:00
15|1|698|698 - FLORES|Autoservicio|AV DONATO ALVAREZ 442/46||-34.6207181|-58.4563112||FLORES|00001406|CAPITAL FEDERAL|AR-C|8:00 a 22:00|8:00 a 22:00|8:00 a 22:00|8:00 a 22:00|8:00 a 22:00|8:00 a 22:00|8:00 a 22:00
15|1|699|699 - CABALLITO|Autoservicio|RIO DE JANEIRO 760||-34.606617|-58.431069||CABALLITO|00001405|CAPITAL FEDERAL|AR-C|8:00 a 22:00|8:00 a 22:00|8:00 a 22:00|8:00 a 22:00|8:00 a 22:00|8:00 a 22:00|8:00 a 22:00
15|1|702|702 - MATADEROS|Autoservicio|AV. JUAN BAUTISTA ALBERDI 7372||-34.661318|-58.516303||MATADEROS|00001440|CAPITAL FEDERAL|AR-C|8:00 a 22:00|8:00 a 22:00|8:00 a 22:00|8:00 a 22:00|8:00 a 22:00|8:00 a 22:00|8:00 a 22:00
15|1|704|704 - RECOLETA|Autoservicio|AV. CÓRDOBA 1733||-34.599351|-58.392017||RECOLETA|00001055|CAPITAL FEDERAL|AR-C|8:00 a 22:00|8:00 a 22:00|8:00 a 22:00|8:00 a 22:00|8:00 a 22:00|8:00 a 22:00|8:00 a 22:00
15|1|705|705 - ALMAGRO|Autoservicio|AV. RIVADAVIA 3855||-34.611208|-58.420392||ALMAGRO|00001204|CAPITAL FEDERAL|AR-C|8:00 a 22:00|8:00 a 22:00|8:00 a 22:00|8:00 a 22:00|8:00 a 22:00|8:00 a 22:00|8:00 a 22:00
15|1|706|706 - VILLA PUEYRREDÓN|Autoservicio|AV MOSCONI3073/75||-34.5876628|-58.5045122||VILLA PUEYRREDÓN|00001419|CAPITAL FEDERAL|AR-C|8:00 a 22:00|8:00 a 22:00|8:00 a 22:00|8:00 a 22:00|8:00 a 22:00|8:00 a 22:00|8:00 a 22:00
15|1|707|707 - VILLA DEVOTO|Autoservicio|BEIRO 4911||-34.6106075|-58.5195352||VILLA DEVOTO|00001419|CAPITAL FEDERAL|AR-C|8:00 a 22:00|8:00 a 22:00|8:00 a 22:00|8:00 a 22:00|8:00 a 22:00|8:00 a 22:00|8:00 a 22:00
15|1|708|708 - LA BOCA|Autoservicio|AV. ALMIRANTE BROWN 154||-34.627803|-58.366911||LA BOCA|00001155|CAPITAL FEDERAL|AR-C|8:00 a 22:00|8:00 a 22:00|8:00 a 22:00|8:00 a 22:00|8:00 a 22:00|8:00 a 22:00|8:00 a 22:00
15|1|709|709 - LINIERS|Autoservicio|AV. RIVADAVIA 11086||-34.639292|-58.520689||LINIERS|00001408|CAPITAL FEDERAL|AR-C|8:00 a 22:00|8:00 a 22:00|8:00 a 22:00|8:00 a 22:00|8:00 a 22:00|8:00 a 22:00|8:00 a 22:00
15|1|710|710 - SAAVEDRA|Autoservicio|AV. RICARDO BALBIL 4320||-34.555493|-58.492611||SAAVEDRA|00001430|CAPITAL FEDERAL|AR-C|8:00 a 22:00|8:00 a 22:00|8:00 a 22:00|8:00 a 22:00|8:00 a 22:00|8:00 a 22:00|8:00 a 22:00
15|1|712|712 - VILLA PUEYRREDÓN|Autoservicio|AV. MOSCONI 2734||-34.585425|-58.500137||VILLA PUEYRREDÓN|00001419|CAPITAL FEDERAL|AR-C|8:00 a 22:00|8:00 a 22:00|8:00 a 22:00|8:00 a 22:00|8:00 a 22:00|8:00 a 22:00|8:00 a 22:00
15|1|713|713 - MONSERRAT|Autoservicio|MORENO 1333||-34.611889|-58.385285||MONSERRAT|00001091|CAPITAL FEDERAL|AR-C|8:00 a 22:00|8:00 a 22:00|8:00 a 22:00|8:00 a 22:00|8:00 a 22:00|8:00 a 22:00|8:00 a 22:00
15|1|714|714 - MONTE CASTRO|Autoservicio|SANABRIA 2469||-34.613414|-58.503961||MONTE CASTRO|00001417|CAPITAL FEDERAL|AR-C|8:00 a 22:00|8:00 a 22:00|8:00 a 22:00|8:00 a 22:00|8:00 a 22:00|8:00 a 22:00|8:00 a 22:00
15|1|716|716 - RETIRO|Autoservicio|CORDOBA AV. 1365||-34.598955|-58.386435||RETIRO|00001055|CAPITAL FEDERAL|AR-C|8:00 a 22:00|8:00 a 22:00|8:00 a 22:00|8:00 a 22:00|8:00 a 22:00|8:00 a 22:00|8:00 a 22:00
15|1|717|717 - VILLA SANTA RITA|Autoservicio|JUSTO, JUAN B. AV. 6252||-34.622774|-58.481018||VILLA SANTA RITA|00001407|CAPITAL FEDERAL|AR-C|8:00 a 22:00|8:00 a 22:00|8:00 a 22:00|8:00 a 22:00|8:00 a 22:00|8:00 a 22:00|8:00 a 22:00
15|1|718|718 - MONSERRAT|Autoservicio|CHILE 1347||-34.6166572|-58.3851356||MONSERRAT|00001100|CAPITAL FEDERAL|AR-C|8:00 a 22:00|8:00 a 22:00|8:00 a 22:00|8:00 a 22:00|8:00 a 22:00|8:00 a 22:00|8:00 a 22:00
15|1|720|720 - VILLA SOLDATI|Autoservicio|AV. FERNÁNDEZ DE LA CRUZ 2961||-34.659133|-58.44238||VILLA SOLDATI|00001437|CAPITAL FEDERAL|AR-C|8:00 a 22:00|8:00 a 22:00|8:00 a 22:00|8:00 a 22:00|8:00 a 22:00|8:00 a 22:00|8:00 a 22:00
15|1|721|721 - MATADEROS|Autoservicio|AV.ALBERDI, JUAN BAUTISTA 5655||-34.649887|-58.501269||MATADEROS|00001440|CAPITAL FEDERAL|AR-C|8:00 a 22:00|8:00 a 22:00|8:00 a 22:00|8:00 a 22:00|8:00 a 22:00|8:00 a 22:00|8:00 a 22:00
15|1|723|723 - MONTE CASTRO|Autoservicio|AV LOPE DE VEGA 1525||-34.625428|-58.509474||MONTE CASTRO|00001407|CAPITAL FEDERAL|AR-C|8:00 a 22:00|8:00 a 22:00|8:00 a 22:00|8:00 a 22:00|8:00 a 22:00|8:00 a 22:00|8:00 a 22:00
15|1|727|727 - VILLA LUGANO|Autoservicio|AV RIESTRA 5726||-34.677663|-58.475306||VILLA LUGANO|00001439|CAPITAL FEDERAL|AR-C|8:00 a 22:00|8:00 a 22:00|8:00 a 22:00|8:00 a 22:00|8:00 a 22:00|8:00 a 22:00|8:00 a 22:00
15|1|728|728 - CONSTITUCIÓN|Autoservicio|BRASIL 1260||-34.628366|-58.38357||CONSTITUCIÓN|00001154|CAPITAL FEDERAL|AR-C|8:00 a 22:00|8:00 a 22:00|8:00 a 22:00|8:00 a 22:00|8:00 a 22:00|8:00 a 22:00|8:00 a 22:00
15|1|730|730 - ALMAGRO|Autoservicio|AV INDEPENDENCIA 3765||-34.620804|-58.418927||ALMAGRO|00001226|CAPITAL FEDERAL|AR-C|8:00 a 22:00|8:00 a 22:00|8:00 a 22:00|8:00 a 22:00|8:00 a 22:00|8:00 a 22:00|8:00 a 22:00
15|1|731|731 - VILLA PUEYRREDÓN|Autoservicio|GRAL. J. G. ARTIGAS 5139||-34.579531|-58.500624||VILLA PUEYRREDÓN|00001419|CAPITAL FEDERAL|AR-C|8:00 a 22:00|8:00 a 22:00|8:00 a 22:00|8:00 a 22:00|8:00 a 22:00|8:00 a 22:00|8:00 a 22:00
15|1|733|733 - SAN CRISTÓBAL|Autoservicio|HUMBERTO PRIMO 2345||-34.621764|-58.39885||SAN CRISTÓBAL|00001229|CAPITAL FEDERAL|AR-C|8:00 a 22:00|8:00 a 22:00|8:00 a 22:00|8:00 a 22:00|8:00 a 22:00|8:00 a 22:00|8:00 a 22:00
15|1|734|734 - VILLA URQUIZA|Autoservicio|MONROE 4880||-34.572871|-58.483722||VILLA URQUIZA|00001431|CAPITAL FEDERAL|AR-C|8:00 a 22:00|8:00 a 22:00|8:00 a 22:00|8:00 a 22:00|8:00 a 22:00|8:00 a 22:00|8:00 a 22:00
15|1|735|735 - PALERMO|Autoservicio|AMENABAR 27||-34.577149|-58.438975||PALERMO|00001426|CAPITAL FEDERAL|AR-C|8:00 a 22:00|8:00 a 22:00|8:00 a 22:00|8:00 a 22:00|8:00 a 22:00|8:00 a 22:00|8:00 a 22:00
15|1|736|736 - ALMAGRO|Autoservicio|BOEDO 250||-34.614959|-58.416725||ALMAGRO|00001206|CAPITAL FEDERAL|AR-C|8:00 a 22:00|8:00 a 22:00|8:00 a 22:00|8:00 a 22:00|8:00 a 22:00|8:00 a 22:00|8:00 a 22:00
15|1|737|737 - FLORES|Autoservicio|AV. EVA PERON 2162||-34.637993|-58.451847||FLORES|00001406|CAPITAL FEDERAL|AR-C|8:00 a 22:00|8:00 a 22:00|8:00 a 22:00|8:00 a 22:00|8:00 a 22:00|8:00 a 22:00|8:00 a 22:00
15|1|741|741 - FLORESTA|Autoservicio|AV JUAN BAUTISTA ALBERDI (FLORESTA) 3643||-34.6362515|-58.4767987||FLORESTA|00001407|CAPITAL FEDERAL|AR-C|8:00 a 22:00|8:00 a 22:00|8:00 a 22:00|8:00 a 22:00|8:00 a 22:00|8:00 a 22:00|8:00 a 22:00
15|1|743|743 - VILLA DEVOTO|Autoservicio|AV. SAN MARTÍN 6948||-34.591693|-58.512055||VILLA DEVOTO|00001419|CAPITAL FEDERAL|AR-C|8:00 a 22:00|8:00 a 22:00|8:00 a 22:00|8:00 a 22:00|8:00 a 22:00|8:00 a 22:00|8:00 a 22:00
15|1|745|745 - BARRACAS|Autoservicio|AV. GRAL.IRIARTE 2295||-34.64908|-58.379245||BARRACAS|00001276|CAPITAL FEDERAL|AR-C|8:00 a 22:00|8:00 a 22:00|8:00 a 22:00|8:00 a 22:00|8:00 a 22:00|8:00 a 22:00|8:00 a 22:00
15|1|746|746 - CABALLITO|Autoservicio|MENDEZ DE LOS ANDES 961 (CABALLITO)||-34.6156758|-58.4486061||CABALLITO|00001405|CAPITAL FEDERAL|AR-C|8:00 a 22:00|8:00 a 22:00|8:00 a 22:00|8:00 a 22:00|8:00 a 22:00|8:00 a 22:00|8:00 a 22:00
15|1|747|747 - CHACARITA|Autoservicio|AV CORRIENTES 6729||-34.587717|-58.453012||CHACARITA|00001427|CAPITAL FEDERAL|AR-C|8:00 a 22:00|8:00 a 22:00|8:00 a 22:00|8:00 a 22:00|8:00 a 22:00|8:00 a 22:00|8:00 a 22:00
15|1|748|748 - PARQUE PATRICIOS|Autoservicio|AV AMANCIO ALCORTA 2285||-34.642918|-58.397827||PARQUE PATRICIOS|00001437|CAPITAL FEDERAL|AR-C|8:00 a 22:00|8:00 a 22:00|8:00 a 22:00|8:00 a 22:00|8:00 a 22:00|8:00 a 22:00|8:00 a 22:00
15|1|749|749 - NUEVA POMPEYA|Autoservicio|FERNANDEZ DE LA CRUZ. F. GRAL. AV. 865||-34.642957|-58.423543||NUEVA POMPEYA|00001437|CAPITAL FEDERAL|AR-C|8:00 a 22:00|8:00 a 22:00|8:00 a 22:00|8:00 a 22:00|8:00 a 22:00|8:00 a 22:00|8:00 a 22:00
15|1|751|751 - VILLA REAL|Autoservicio|BEIRO 5678||-34.6170364|-58.529055||VILLA REAL|00001419|CAPITAL FEDERAL|AR-C|8:00 a 22:00|8:00 a 22:00|8:00 a 22:00|8:00 a 22:00|8:00 a 22:00|8:00 a 22:00|8:00 a 22:00
15|1|752|752 - VILLA GENERAL MITRE|Autoservicio|AV. JUAN B JUSTO 5409||-34.615095|-58.473401||VILLA GENERAL MITRE|00001416|CAPITAL FEDERAL|AR-C|8:00 a 22:00|8:00 a 22:00|8:00 a 22:00|8:00 a 22:00|8:00 a 22:00|8:00 a 22:00|8:00 a 22:00
15|1|754|754 - SAN CRISTÓBAL|Autoservicio|AVJUAN DE GARAY 2435||-34.628376|-58.399276||SAN CRISTÓBAL|00001256|CAPITAL FEDERAL|AR-C|8:00 a 22:00|8:00 a 22:00|8:00 a 22:00|8:00 a 22:00|8:00 a 22:00|8:00 a 22:00|8:00 a 22:00
15|1|755|755 - CAPITAL FEDERAL|Autoservicio|AV. CALLAO 131||-34.60759|-58.391787||CAPITAL FEDERAL|00001022|CAPITAL FEDERAL|AR-C|8:00 a 22:00|8:00 a 22:00|8:00 a 22:00|8:00 a 22:00|8:00 a 22:00|8:00 a 22:00|8:00 a 22:00
15|1|756|756 - COLEGIALES|Autoservicio|AV FEDERICO LACROZE 2585||-34.57209|-58.446493||COLEGIALES|00001426|CAPITAL FEDERAL|AR-C|8:00 a 22:00|8:00 a 22:00|8:00 a 22:00|8:00 a 22:00|8:00 a 22:00|8:00 a 22:00|8:00 a 22:00
15|1|757|757 - PALERMO|Autoservicio|AV. CÓRDOBA 5347||-34.589085|-58.43724||PALERMO|00001414|CAPITAL FEDERAL|AR-C|8:00 a 22:00|8:00 a 22:00|8:00 a 22:00|8:00 a 22:00|8:00 a 22:00|8:00 a 22:00|8:00 a 22:00
15|1|758|758 - RECOLETA|Autoservicio|AZCUENAGA 1902||-34.587438|-58.395142||RECOLETA|00001128|CAPITAL FEDERAL|AR-C|8:00 a 22:00|8:00 a 22:00|8:00 a 22:00|8:00 a 22:00|8:00 a 22:00|8:00 a 22:00|8:00 a 22:00
15|1|760|760 - FLORES|Autoservicio|AV. RIVADAVIA 7521||-34.630962|-58.471583||FLORES|00001406|CAPITAL FEDERAL|AR-C|8:00 a 22:00|8:00 a 22:00|8:00 a 22:00|8:00 a 22:00|8:00 a 22:00|8:00 a 22:00|8:00 a 22:00
15|1|761|761 - VILLA CRESPO|Autoservicio|SCALABRINI ORTIZ, RAUL AV. 232||-34.600201|-58.439866||VILLA CRESPO|00001414|CAPITAL FEDERAL|AR-C|8:00 a 22:00|8:00 a 22:00|8:00 a 22:00|8:00 a 22:00|8:00 a 22:00|8:00 a 22:00|8:00 a 22:00
15|1|763|763 - SAAVEDRA|Autoservicio|AV. CABILDO 4932||-34.539986|-58.475788||SAAVEDRA|00001429|CAPITAL FEDERAL|AR-C|8:00 a 22:00|8:00 a 22:00|8:00 a 22:00|8:00 a 22:00|8:00 a 22:00|8:00 a 22:00|8:00 a 22:00
15|1|764|764 - CONSTITUCIÓN|Autoservicio|AV. BRASIL 1661||-34.628691|-58.38888||CONSTITUCIÓN|00001154|CAPITAL FEDERAL|AR-C|8:00 a 22:00|8:00 a 22:00|8:00 a 22:00|8:00 a 22:00|8:00 a 22:00|8:00 a 22:00|8:00 a 22:00
15|1|766|766 - SAN CRISTÓBAL|Autoservicio|24 DE NOVIEMBRE 965||-34.62228|-58.410955||SAN CRISTÓBAL|00001224|CAPITAL FEDERAL|AR-C|8:00 a 22:00|8:00 a 22:00|8:00 a 22:00|8:00 a 22:00|8:00 a 22:00|8:00 a 22:00|8:00 a 22:00
15|1|767|767 - BALVANERA|Autoservicio|AV. CORRIENTES 2975||-34.60401|-58.407322||BALVANERA|00001193|CAPITAL FEDERAL|AR-C|8:00 a 22:00|8:00 a 22:00|8:00 a 22:00|8:00 a 22:00|8:00 a 22:00|8:00 a 22:00|8:00 a 22:00
15|1|768|768 - ALMAGRO|Autoservicio|PERON, JUAN DOMINGO, TTE. GENERAL 4029||-34.605676|-58.423342||ALMAGRO|00001198|CAPITAL FEDERAL|AR-C|8:00 a 22:00|8:00 a 22:00|8:00 a 22:00|8:00 a 22:00|8:00 a 22:00|8:00 a 22:00|8:00 a 22:00
15|1|769|769 - ALMAGRO|Autoservicio|BARTOLOME MITRE 3977||-34.609831|-58.422462||ALMAGRO|00001201|CAPITAL FEDERAL|AR-C|8:00 a 22:00|8:00 a 22:00|8:00 a 22:00|8:00 a 22:00|8:00 a 22:00|8:00 a 22:00|8:00 a 22:00
15|1|771|771 - SAAVEDRA|Autoservicio|AV MELIAN 3620||-34.555101|-58.479894||SAAVEDRA|00001430|CAPITAL FEDERAL|AR-C|8:00 a 22:00|8:00 a 22:00|8:00 a 22:00|8:00 a 22:00|8:00 a 22:00|8:00 a 22:00|8:00 a 22:00
15|1|772|772 - PARQUE CHACABUCO|Autoservicio|AV. COBO 1667||-34.642459|-58.438805||PARQUE CHACABUCO|00001406|CAPITAL FEDERAL|AR-C|8:00 a 22:00|8:00 a 22:00|8:00 a 22:00|8:00 a 22:00|8:00 a 22:00|8:00 a 22:00|8:00 a 22:00
15|1|774|774 - FLORES|Autoservicio|BOGOTA 2740||-34.626773|-58.468922||FLORES|00001406|CAPITAL FEDERAL|AR-C|8:00 a 22:00|8:00 a 22:00|8:00 a 22:00|8:00 a 22:00|8:00 a 22:00|8:00 a 22:00|8:00 a 22:00
15|1|776|776 - VILLA DEL PARQUE|Autoservicio|AV ALVAREZ JONTE 2539||-34.07254|-58.478249||VILLA DEL PARQUE|00001416|CAPITAL FEDERAL|AR-C|8:00 a 22:00|8:00 a 22:00|8:00 a 22:00|8:00 a 22:00|8:00 a 22:00|8:00 a 22:00|8:00 a 22:00
15|1|777|777 - PALERMO|Autoservicio|PARAGUAY 3430||-34.592594|-58.41377||PALERMO|00001425|CAPITAL FEDERAL|AR-C|8:00 a 22:00|8:00 a 22:00|8:00 a 22:00|8:00 a 22:00|8:00 a 22:00|8:00 a 22:00|8:00 a 22:00
15|1|782|782 - BALVANERA|Autoservicio|24 DE NOVIEMBRE 51/53||-34.6113|-58.411751||BALVANERA|00001170|CAPITAL FEDERAL|AR-C|8:00 a 22:00|8:00 a 22:00|8:00 a 22:00|8:00 a 22:00|8:00 a 22:00|8:00 a 22:00|8:00 a 22:00
15|1|783|783 - VILLA ORTÚZAR|Autoservicio|AV ALVAREZ THOMAS 2280||-34.578032|-58.473224||VILLA ORTÚZAR|00001430|CAPITAL FEDERAL|AR-C|8:00 a 22:00|8:00 a 22:00|8:00 a 22:00|8:00 a 22:00|8:00 a 22:00|8:00 a 22:00|8:00 a 22:00
15|1|784|784 - COLEGIALES|Autoservicio|AV CABILDO 1168||-34.568867|-58.44801||COLEGIALES|00001426|CAPITAL FEDERAL|AR-C|8:00 a 22:00|8:00 a 22:00|8:00 a 22:00|8:00 a 22:00|8:00 a 22:00|8:00 a 22:00|8:00 a 22:00
15|1|785|785 - CHACARITA|Autoservicio|CHARLONE 523||-34.582513|-58.4515||CHACARITA|00001427|CAPITAL FEDERAL|AR-C|8:00 a 22:00|8:00 a 22:00|8:00 a 22:00|8:00 a 22:00|8:00 a 22:00|8:00 a 22:00|8:00 a 22:00
15|1|786|786 - AGRONOMÍA|Autoservicio|NUEVA YORK 2717||-34.590036|-58.495792||AGRONOMÍA|00001419|CAPITAL FEDERAL|AR-C|8:00 a 22:00|8:00 a 22:00|8:00 a 22:00|8:00 a 22:00|8:00 a 22:00|8:00 a 22:00|8:00 a 22:00
15|1|787|787 - RECOLETA|Autoservicio|PUEYRREDON AV. 1131/1133/1135||-34.597268|-58.403003||RECOLETA|00001118|CAPITAL FEDERAL|AR-C|8:00 a 22:00|8:00 a 22:00|8:00 a 22:00|8:00 a 22:00|8:00 a 22:00|8:00 a 22:00|8:00 a 22:00
15|1|788|788 - COLEGIALES|Autoservicio|LACROZE, FEDERICO AV. 3413||-34.579954|-58.450937||COLEGIALES|00001426|CAPITAL FEDERAL|AR-C|8:00 a 22:00|8:00 a 22:00|8:00 a 22:00|8:00 a 22:00|8:00 a 22:00|8:00 a 22:00|8:00 a 22:00
15|1|789|789 - CAPITAL FEDERAL|Autoservicio|AV. LEANDRO N ALEM 432||-34.602603|-58.37069||CAPITAL FEDERAL|00001003|CAPITAL FEDERAL|AR-C|8:00 a 22:00|8:00 a 22:00|8:00 a 22:00|8:00 a 22:00|8:00 a 22:00|8:00 a 22:00|8:00 a 22:00
15|1|790|790 - VILLA DEL PARQUE|Autoservicio|MELINCUÉ 3774||-34.606746|-58.499851||VILLA DEL PARQUE|00001417|CAPITAL FEDERAL|AR-C|8:00 a 22:00|8:00 a 22:00|8:00 a 22:00|8:00 a 22:00|8:00 a 22:00|8:00 a 22:00|8:00 a 22:00
15|1|791|791 - VILLA GENERAL MITRE|Autoservicio|GAVILAN 1794||-34.610146|-58.470524||VILLA GENERAL MITRE|00001416|CAPITAL FEDERAL|AR-C|8:00 a 22:00|8:00 a 22:00|8:00 a 22:00|8:00 a 22:00|8:00 a 22:00|8:00 a 22:00|8:00 a 22:00
15|1|793|793 - VILLA SOLDATI|Autoservicio|AV ESCALADA 4344||-34.67669|-58.454442||VILLA SOLDATI|00001439|CAPITAL FEDERAL|AR-C|8:00 a 22:00|8:00 a 22:00|8:00 a 22:00|8:00 a 22:00|8:00 a 22:00|8:00 a 22:00|8:00 a 22:00
15|1|794|794 - PALERMO|Autoservicio|DORREGO 2579||-34.574847|-58.4348||PALERMO|00001425|CAPITAL FEDERAL|AR-C|8:00 a 22:00|8:00 a 22:00|8:00 a 22:00|8:00 a 22:00|8:00 a 22:00|8:00 a 22:00|8:00 a 22:00
15|1|795|795 - VILLA CRESPO|Autoservicio|ARGAÑARAS 25||-34.597459|-58.426759||VILLA CRESPO|00001414|CAPITAL FEDERAL|AR-C|8:00 a 22:00|8:00 a 22:00|8:00 a 22:00|8:00 a 22:00|8:00 a 22:00|8:00 a 22:00|8:00 a 22:00
15|1|796|796 - NÚÑEZ|Autoservicio|AV. LARRALDE 1809||-34.545927|-58.462718||NÚÑEZ|00001429|CAPITAL FEDERAL|AR-C|8:00 a 22:00|8:00 a 22:00|8:00 a 22:00|8:00 a 22:00|8:00 a 22:00|8:00 a 22:00|8:00 a 22:00
15|1|797|797 - MONSERRAT|Autoservicio|BOLIVAR 306||-34.61156|-58.373341||MONSERRAT|00001066|CAPITAL FEDERAL|AR-C|8:00 a 22:00|8:00 a 22:00|8:00 a 22:00|8:00 a 22:00|8:00 a 22:00|8:00 a 22:00|8:00 a 22:00
15|1|803|803 - SALTA|Autoservicio|OLAVARRIA 506 (SALTA CAPITAL)||-24.7947076|-65.4322727||SALTA|00004400|SALTA|AR-A|8:00 a 22:00|8:00 a 22:00|8:00 a 22:00|8:00 a 22:00|8:00 a 22:00|8:00 a 22:00|8:00 a 22:00
15|1|806|806 - SALTA|Autoservicio|AV INDEPENDENCIA 1325 (SALTA CAPITAL)||-24.808249|-65.399047||SALTA|00004400|SALTA|AR-A|8:00 a 22:00|8:00 a 22:00|8:00 a 22:00|8:00 a 22:00|8:00 a 22:00|8:00 a 22:00|8:00 a 22:00
15|1|809|809 - JUJUY|Autoservicio|AV. ALMIRANTE BROWN 483||-24.194392|-65.289649||JUJUY|00004604|JUJUY|AR-J|8:00 a 22:00|8:00 a 22:00|8:00 a 22:00|8:00 a 22:00|8:00 a 22:00|8:00 a 22:00|8:00 a 22:00
15|1|810|810 - SALTA|Autoservicio|AV SAVIO ESQ. JUAN DOMINGO PERON||-24.769449|-65.443309||SALTA|00004449|SALTA|AR-A|8:00 a 22:00|8:00 a 22:00|8:00 a 22:00|8:00 a 22:00|8:00 a 22:00|8:00 a 22:00|8:00 a 22:00
15|1|811|811 - SALTA|Autoservicio|VICENTE LOPEZ ESQ. NECOCHEA||-24.7789448|-65.4045791||SALTA|00004400|SALTA|AR-A|8:00 a 22:00|8:00 a 22:00|8:00 a 22:00|8:00 a 22:00|8:00 a 22:00|8:00 a 22:00|8:00 a 22:00
15|1|823|823 - MONTERRICO|Autoservicio|INDEPENDENCIA 440||-24.443343|-65.1674||MONTERRICO|00004608|JUJUY|AR-J|8:00 a 22:00|8:00 a 22:00|8:00 a 22:00|8:00 a 22:00|8:00 a 22:00|8:00 a 22:00|8:00 a 22:00
15|1|824|824 - SAN LORENZO|Autoservicio|AV. SAN MARTÍN 866||-24.74516|-65.4843||SAN LORENZO|00004401|SALTA|AR-A|8:00 a 22:00|8:00 a 22:00|8:00 a 22:00|8:00 a 22:00|8:00 a 22:00|8:00 a 22:00|8:00 a 22:00
15|1|825|825 - ROSARIO DE LA FRONTERA|Autoservicio|SAN MARTIN 164||-25.80209|-64.9763||ROSARIO DE LA FRONTERA|00004190|SALTA|AR-A|8:00 a 22:00|8:00 a 22:00|8:00 a 22:00|8:00 a 22:00|8:00 a 22:00|8:00 a 22:00|8:00 a 22:00
15|1|826|826 - SALTA|Autoservicio|MITRE 246||-24.7873|-65.4107||SALTA|00004400|SALTA|AR-A|8:00 a 22:00|8:00 a 22:00|8:00 a 22:00|8:00 a 22:00|8:00 a 22:00|8:00 a 22:00|8:00 a 22:00
15|1|900|900 - SAN TELMO|Autoservicio|BERNARDO DE IRIGOYEN 1170||-34.624834|-58.367568||SAN TELMO|00001063|CAPITAL FEDERAL|AR-C|8:00 a 22:00|8:00 a 22:00|8:00 a 22:00|8:00 a 22:00|8:00 a 22:00|8:00 a 22:00|8:00 a 22:00
15|1|901|901 - ALMAGRO|Autoservicio|MARIO BRAVO 269||-34.607527|-58.417039||ALMAGRO|00001175|CAPITAL FEDERAL|AR-C|8:00 a 22:00|8:00 a 22:00|8:00 a 22:00|8:00 a 22:00|8:00 a 22:00|8:00 a 22:00|8:00 a 22:00
15|1|904|904 - RETIRO|Autoservicio|MARCELO T DE ALVEAR 1299||-34.596806|-58.385504||RETIRO|00001058|CAPITAL FEDERAL|AR-C|8:00 a 22:00|8:00 a 22:00|8:00 a 22:00|8:00 a 22:00|8:00 a 22:00|8:00 a 22:00|8:00 a 22:00
15|1|905|905 - VILLA GENERAL MITRE|Autoservicio|AV. ALVAREZ JONTE 2066-68||-34.604591|-58.472275||VILLA GENERAL MITRE|00001416|CAPITAL FEDERAL|AR-C|8:00 a 22:00|8:00 a 22:00|8:00 a 22:00|8:00 a 22:00|8:00 a 22:00|8:00 a 22:00|8:00 a 22:00
15|1|907|907 - NUEVA POMPEYA|Autoservicio|AV COBO 676||-34.640826|-58.425664||NUEVA POMPEYA|00001418|CAPITAL FEDERAL|AR-C|8:00 a 22:00|8:00 a 22:00|8:00 a 22:00|8:00 a 22:00|8:00 a 22:00|8:00 a 22:00|8:00 a 22:00
15|1|908|908 - CABALLITO|Autoservicio|FRANKLIN 1151||-34.611207|-58.451102||CABALLITO|00001405|CAPITAL FEDERAL|AR-C|8:00 a 22:00|8:00 a 22:00|8:00 a 22:00|8:00 a 22:00|8:00 a 22:00|8:00 a 22:00|8:00 a 22:00
15|1|909|909 - MONSERRAT|Autoservicio|VIRREY CEVALLOS 341||-34.613032|-58.38934||MONSERRAT|00001077|CAPITAL FEDERAL|AR-C|8:00 a 22:00|8:00 a 22:00|8:00 a 22:00|8:00 a 22:00|8:00 a 22:00|8:00 a 22:00|8:00 a 22:00
15|1|910|910 - FLORESTA|Autoservicio|AV. RIVADAVIA 8130||-34.63327|-58.477987||FLORESTA|00001407|CAPITAL FEDERAL|AR-C|8:00 a 22:00|8:00 a 22:00|8:00 a 22:00|8:00 a 22:00|8:00 a 22:00|8:00 a 22:00|8:00 a 22:00
15|1|911|911 - CONSTITUCIÓN|Autoservicio|SAN JOSE 1141||-34.621721|-58.386035||CONSTITUCIÓN|00001076|CAPITAL FEDERAL|AR-C|8:00 a 22:00|8:00 a 22:00|8:00 a 22:00|8:00 a 22:00|8:00 a 22:00|8:00 a 22:00|8:00 a 22:00
15|1|912|912 - SAN CRISTÓBAL|Autoservicio|AV. GARAY 2655||-34.628497|-58.401939||SAN CRISTÓBAL|00001256|CAPITAL FEDERAL|AR-C|8:00 a 22:00|8:00 a 22:00|8:00 a 22:00|8:00 a 22:00|8:00 a 22:00|8:00 a 22:00|8:00 a 22:00
15|1|915|915 - VILLA CRESPO|Autoservicio|DARWIN 548||-34.594326|-58.445911||VILLA CRESPO|00001414|CAPITAL FEDERAL|AR-C|8:00 a 22:00|8:00 a 22:00|8:00 a 22:00|8:00 a 22:00|8:00 a 22:00|8:00 a 22:00|8:00 a 22:00
15|1|916|916 - VILLA CRESPO|Autoservicio|MALABIA 467||-34.598729|-58.438697||VILLA CRESPO|00001414|CAPITAL FEDERAL|AR-C|8:00 a 22:00|8:00 a 22:00|8:00 a 22:00|8:00 a 22:00|8:00 a 22:00|8:00 a 22:00|8:00 a 22:00
15|1|919|919 - CABALLITO|Autoservicio|AV. GAONA 1170||-34.608|-58.446237||CABALLITO|00001405|CAPITAL FEDERAL|AR-C|8:00 a 22:00|8:00 a 22:00|8:00 a 22:00|8:00 a 22:00|8:00 a 22:00|8:00 a 22:00|8:00 a 22:00
15|1|920|920 - VILLA ORTÚZAR|Autoservicio|COMBATIENTES DE MALVINAS 3015||-34.586529|-58.471107||VILLA ORTÚZAR|00001427|CAPITAL FEDERAL|AR-C|8:00 a 22:00|8:00 a 22:00|8:00 a 22:00|8:00 a 22:00|8:00 a 22:00|8:00 a 22:00|8:00 a 22:00
15|1|921|921 - BALVANERA|Autoservicio|GRAL URQUIZA 636||-34.617935|-58.409058||BALVANERA|00001221|CAPITAL FEDERAL|AR-C|8:00 a 22:00|8:00 a 22:00|8:00 a 22:00|8:00 a 22:00|8:00 a 22:00|8:00 a 22:00|8:00 a 22:00
15|1|923|923 - VILLA DEL PARQUE|Autoservicio|NAZARRE 3240||-34.602728|-58.494948||VILLA DEL PARQUE|00001417|CAPITAL FEDERAL|AR-C|8:00 a 22:00|8:00 a 22:00|8:00 a 22:00|8:00 a 22:00|8:00 a 22:00|8:00 a 22:00|8:00 a 22:00
15|1|929|929 - SAN CRISTÓBAL|Autoservicio|SAN JUAN 2893/99||-34.624058|-58.405666||SAN CRISTÓBAL|00001232|CAPITAL FEDERAL|AR-C|8:00 a 22:00|8:00 a 22:00|8:00 a 22:00|8:00 a 22:00|8:00 a 22:00|8:00 a 22:00|8:00 a 22:00
15|1|930|930 - NUEVA POMPEYA|Autoservicio|POMAR 3401||-34.639506|-58.412139||NUEVA POMPEYA|00001437|CAPITAL FEDERAL|AR-C|8:00 a 22:00|8:00 a 22:00|8:00 a 22:00|8:00 a 22:00|8:00 a 22:00|8:00 a 22:00|8:00 a 22:00
15|1|931|931 - VILLA URQUIZA|Autoservicio|ROOSVELT 5367||-34.57511|-58.490427||VILLA URQUIZA|00001431|CAPITAL FEDERAL|AR-C|8:00 a 22:00|8:00 a 22:00|8:00 a 22:00|8:00 a 22:00|8:00 a 22:00|8:00 a 22:00|8:00 a 22:00
15|1|933|933 - MAGDALENA|Autoservicio|CALLE 25 DE MAYO 1069||-35.0791052|-57.5156236||MAGDALENA|00001913|BUENOS AIRES|AR-B|8:00 a 22:00|8:00 a 22:00|8:00 a 22:00|8:00 a 22:00|8:00 a 22:00|8:00 a 22:00|8:00 a 22:00
15|1|934|934 - PALERMO|Autoservicio|CARRANZA 1436||-34.584696|-58.44113||PALERMO|00001414|CAPITAL FEDERAL|AR-C|8:00 a 22:00|8:00 a 22:00|8:00 a 22:00|8:00 a 22:00|8:00 a 22:00|8:00 a 22:00|8:00 a 22:00
15|1|935|935 - BALVANERA|Autoservicio|AV. BELGRANO 3288||-34.615713|-58.412566||BALVANERA|00001210|CAPITAL FEDERAL|AR-C|8:00 a 22:00|8:00 a 22:00|8:00 a 22:00|8:00 a 22:00|8:00 a 22:00|8:00 a 22:00|8:00 a 22:00
15|1|936|936 - PALERMO|Autoservicio|LUIS MARIA CAMPOS 1231||-34.564958|-58.440431||PALERMO|00001426|CAPITAL FEDERAL|AR-C|8:00 a 22:00|8:00 a 22:00|8:00 a 22:00|8:00 a 22:00|8:00 a 22:00|8:00 a 22:00|8:00 a 22:00
15|1|938|938 - BARRACAS|Autoservicio|LAFAYETTE 648||-34.642728|-58.391368||BARRACAS|00001284|CAPITAL FEDERAL|AR-C|8:00 a 22:00|8:00 a 22:00|8:00 a 22:00|8:00 a 22:00|8:00 a 22:00|8:00 a 22:00|8:00 a 22:00
15|1|939|939 - BALVANERA|Autoservicio|AV. INDEPENDENCIA 2733||-34.618675|-58.404268||BALVANERA|00001225|CAPITAL FEDERAL|AR-C|8:00 a 22:00|8:00 a 22:00|8:00 a 22:00|8:00 a 22:00|8:00 a 22:00|8:00 a 22:00|8:00 a 22:00
15|1|942|942 - VILLA ORTÚZAR|Autoservicio|AV. TRIUNVIRATO 2865||-34.584795|-58.462928||VILLA ORTÚZAR|00001427|CAPITAL FEDERAL|AR-C|8:00 a 22:00|8:00 a 22:00|8:00 a 22:00|8:00 a 22:00|8:00 a 22:00|8:00 a 22:00|8:00 a 22:00
15|1|943|943 - VILLA CRESPO|Autoservicio|AV. SCALABRINI ORTIZ 751||-34.597022|-58.433648||VILLA CRESPO|00001414|CAPITAL FEDERAL|AR-C|8:00 a 22:00|8:00 a 22:00|8:00 a 22:00|8:00 a 22:00|8:00 a 22:00|8:00 a 22:00|8:00 a 22:00
15|1|945|945 - SALTO|Autoservicio|ALSINA 1050||-34.2997|-60.24279||SALTO|00002741|BUENOS AIRES|AR-B|8:00 a 22:00|8:00 a 22:00|8:00 a 22:00|8:00 a 22:00|8:00 a 22:00|8:00 a 22:00|8:00 a 22:00
15|1|947|947 - ESQUINA|Autoservicio|MANCINI 415||-30.01845|-59.53157||ESQUINA|00003196|CORRIENTES|AR-W|8:00 a 22:00|8:00 a 22:00|8:00 a 22:00|8:00 a 22:00|8:00 a 22:00|8:00 a 22:00|8:00 a 22:00
15|1|952|952 - VILLA SOLDATI|Autoservicio|CORRALES 3020||-34.662236|-58.439789||VILLA SOLDATI|00001437|CAPITAL FEDERAL|AR-C|8:00 a 22:00|8:00 a 22:00|8:00 a 22:00|8:00 a 22:00|8:00 a 22:00|8:00 a 22:00|8:00 a 22:00
15|1|953|953 - LINIERS|Autoservicio|AV RIVADAVIA 10872/74||-34.639442|-58.51702||LINIERS|00001408|CAPITAL FEDERAL|AR-C|8:00 a 22:00|8:00 a 22:00|8:00 a 22:00|8:00 a 22:00|8:00 a 22:00|8:00 a 22:00|8:00 a 22:00
15|1|956|956 - VILLA DEVOTO|Autoservicio|JOSE LEON CABEZON 3366||-34.586927|-58.511108||VILLA DEVOTO|00001419|CAPITAL FEDERAL|AR-C|8:00 a 22:00|8:00 a 22:00|8:00 a 22:00|8:00 a 22:00|8:00 a 22:00|8:00 a 22:00|8:00 a 22:00
15|1|958|958 - SAN PEDRO (Bs. As.)|Autoservicio|HONORIO PUEYRREDON 154||-33.68169|-59.66675||SAN PEDRO (Bs. As.)|00002930|BUENOS AIRES|AR-B|8:00 a 22:00|8:00 a 22:00|8:00 a 22:00|8:00 a 22:00|8:00 a 22:00|8:00 a 22:00|8:00 a 22:00
15|1|1020|1020 - LA PLATA|Autoservicio|CL AV. 120 ESQ. 80||-34.925723|-57.907763||LA PLATA|00001914|BUENOS AIRES|AR-B|8:00 a 22:00|8:00 a 22:00|8:00 a 22:00|8:00 a 22:00|8:00 a 22:00|8:00 a 22:00|8:00 a 22:00
15|1|1029|1029 - SAN MARTIN|Autoservicio|CL AV.BRIG.GRAL.J.M.DE ROSAS 4351 ESQ.9 DE JULIO||-34.546947|-58.582492||SAN MARTIN|00001655|BUENOS AIRES|AR-B|8:00 a 22:00|8:00 a 22:00|8:00 a 22:00|8:00 a 22:00|8:00 a 22:00|8:00 a 22:00|8:00 a 22:00
15|1|1070|1070 - CIUDADELA|Autoservicio|AV HIPOLITO YRIGOYEN 2040 Y MARCELO T. DE ALVEAR||-34.6238633|-58.5582513||CIUDADELA|00001702|BUENOS AIRES|AR-B|8:00 a 22:00|8:00 a 22:00|8:00 a 22:00|8:00 a 22:00|8:00 a 22:00|8:00 a 22:00|8:00 a 22:00
15|1|1073|1073 - MERCEDES|Autoservicio|SAN MARTIN 1240/1246||-29.180941|-58.079052||MERCEDES|00003470|CORRIENTES|AR-W|8:00 a 22:00|8:00 a 22:00|8:00 a 22:00|8:00 a 22:00|8:00 a 22:00|8:00 a 22:00|8:00 a 22:00
15|1|1074|1074 - SAN CRISTÓBAL|Autoservicio|AV INDEPENDENCIA2262/78||-34.618411|-58.398396||SAN CRISTÓBAL|00001225|CAPITAL FEDERAL|AR-C|8:00 a 22:00|8:00 a 22:00|8:00 a 22:00|8:00 a 22:00|8:00 a 22:00|8:00 a 22:00|8:00 a 22:00
15|1|1077|1077 - BELLA VISTA (CTES.)|Autoservicio|BUENOS AIRES 669/77||-28.5123|-59.042919||BELLA VISTA (CTES.)|00003432|CORRIENTES|AR-W|8:00 a 22:00|8:00 a 22:00|8:00 a 22:00|8:00 a 22:00|8:00 a 22:00|8:00 a 22:00|8:00 a 22:00
15|1|1080|1080 - CABALLITO|Autoservicio|AV AVELLANEDA 848 ( CABALLITO)||-34.616082|-58.442562||CABALLITO|00001405|CAPITAL FEDERAL|AR-C|8:00 a 22:00|8:00 a 22:00|8:00 a 22:00|8:00 a 22:00|8:00 a 22:00|8:00 a 22:00|8:00 a 22:00
15|1|1083|1083 - MORENO|Autoservicio|AV BARTOLOME MITRE 2375||-34.650488|-58.784116||MORENO|00001744|BUENOS AIRES|AR-B|8:00 a 22:00|8:00 a 22:00|8:00 a 22:00|8:00 a 22:00|8:00 a 22:00|8:00 a 22:00|8:00 a 22:00
15|1|1086|1086 - BARRACAS|Autoservicio|AV VELEZ SARSFIELD 1572 (BARRACAS)||-34.6534717|-58.3887202||BARRACAS|00001285|CAPITAL FEDERAL|AR-C|8:00 a 22:00|8:00 a 22:00|8:00 a 22:00|8:00 a 22:00|8:00 a 22:00|8:00 a 22:00|8:00 a 22:00
15|1|1089|1089 - PASO DE LOS LIBRES|Autoservicio|COLON 960||-29.712736|-57.088783||PASO DE LOS LIBRES|00003230|CORRIENTES|AR-W|8:00 a 22:00|8:00 a 22:00|8:00 a 22:00|8:00 a 22:00|8:00 a 22:00|8:00 a 22:00|8:00 a 22:00
15|1|1090|1090 - PARQUE AVELLANEDA|Autoservicio|AV EVA PERON 4640 (PARQUE AVELLANEDA)||-34.6552826|-58.4759022||PARQUE AVELLANEDA|00001407|CAPITAL FEDERAL|AR-C|8:00 a 22:00|8:00 a 22:00|8:00 a 22:00|8:00 a 22:00|8:00 a 22:00|8:00 a 22:00|8:00 a 22:00
15|1|1091|1091 - PALERMO|Autoservicio|AV SANTA FE 4550 (PALERMO)||-34.579057|-58.4249155||PALERMO|00001425|CAPITAL FEDERAL|AR-C|8:00 a 22:00|8:00 a 22:00|8:00 a 22:00|8:00 a 22:00|8:00 a 22:00|8:00 a 22:00|8:00 a 22:00
15|1|1098|1098 - CABALLITO|Autoservicio|AV. ALBERDI 1555/57/59/61||-34.626092|-58.450539||CABALLITO|00001406|CAPITAL FEDERAL|AR-C|8:00 a 22:00|8:00 a 22:00|8:00 a 22:00|8:00 a 22:00|8:00 a 22:00|8:00 a 22:00|8:00 a 22:00
15|1|1099|1099 - FLORES|Autoservicio|CL CRNEL. RAMON L. FALCON 2445/48/52/54/56||-34.630227|-58.462879||FLORES|00001406|CAPITAL FEDERAL|AR-C|8:00 a 22:00|8:00 a 22:00|8:00 a 22:00|8:00 a 22:00|8:00 a 22:00|8:00 a 22:00|8:00 a 22:00
15|1|1100|1100 - CAPITAL FEDERAL|Autoservicio|AV CABILDO3432/68||-34.551453|-58.466766||CAPITAL FEDERAL|00001429|CAPITAL FEDERAL|AR-C|8:00 a 22:00|8:00 a 22:00|8:00 a 22:00|8:00 a 22:00|8:00 a 22:00|8:00 a 22:00|8:00 a 22:00
15|1|1101|1101 - CAPITAL FEDERAL|Autoservicio|AV DR.HONORIO PUEYRREDON 652-654-656||-34.612561|-58.442266||CAPITAL FEDERAL|00001405|CAPITAL FEDERAL|AR-C|8:00 a 22:00|8:00 a 22:00|8:00 a 22:00|8:00 a 22:00|8:00 a 22:00|8:00 a 22:00|8:00 a 22:00
15|1|1102|1102 - CAPITAL FEDERAL|Autoservicio|NOGOYA 3238/40/42/44/46/48/50||-34.60445|-58.493794||CAPITAL FEDERAL|00001417|CAPITAL FEDERAL|AR-C|8:00 a 22:00|8:00 a 22:00|8:00 a 22:00|8:00 a 22:00|8:00 a 22:00|8:00 a 22:00|8:00 a 22:00
15|1|1502|1502 - GUALEGUAY|Autoservicio|CL SAN ANTONIO ESQUINA DR J.H.PAGOLA||-33.13578|-59.314408||GUALEGUAY|00002840|ENTRE RIOS|AR-E|8:00 a 22:00|8:00 a 22:00|8:00 a 22:00|8:00 a 22:00|8:00 a 22:00|8:00 a 22:00|8:00 a 22:00
15|1|1507|1507 - MONTE|Autoservicio|CL YRIGOYEN ESQ. ITALIA||-35.441361|-58.805485||MONTE|00007220|BUENOS AIRES|AR-B|8:00 a 22:00|8:00 a 22:00|8:00 a 22:00|8:00 a 22:00|8:00 a 22:00|8:00 a 22:00|8:00 a 22:00
15|1|1523|1523 - PARQUE CHACABUCO|Autoservicio|CURAPALIGUE 1964/68||-34.6432221|-58.4418066||PARQUE CHACABUCO|00001406|CAPITAL FEDERAL|AR-C|8:00 a 22:00|8:00 a 22:00|8:00 a 22:00|8:00 a 22:00|8:00 a 22:00|8:00 a 22:00|8:00 a 22:00
15|1|1526|1526 - MATADEROS|Autoservicio|AV PERON 7228 (MATADEROS)||-34.6728176|-58.4994401||MATADEROS|00001439|CAPITAL FEDERAL|AR-C|8:00 a 22:00|8:00 a 22:00|8:00 a 22:00|8:00 a 22:00|8:00 a 22:00|8:00 a 22:00|8:00 a 22:00
15|1|1531|1531 - PARQUE PATRICIOS|Autoservicio|LA RIOJA 1850 (PARQUE PATRICIOS)||-34.6326213|-58.4061362||PARQUE PATRICIOS|00001244|CAPITAL FEDERAL|AR-C|8:00 a 22:00|8:00 a 22:00|8:00 a 22:00|8:00 a 22:00|8:00 a 22:00|8:00 a 22:00|8:00 a 22:00
15|1|1532|1532 - MATADEROS|Autoservicio|AV CNEL.M.LARRAZABAL 919 (MATADEROS)||-34.6479782|-58.5063272||MATADEROS|00001440|CAPITAL FEDERAL|AR-C|8:00 a 22:00|8:00 a 22:00|8:00 a 22:00|8:00 a 22:00|8:00 a 22:00|8:00 a 22:00|8:00 a 22:00
15|1|1533|1533 - MATADEROS|Autoservicio|AV DE LOS CORRALES 6901(MATADEROS)||-34.6651686|-58.5033475||MATADEROS|00001440|CAPITAL FEDERAL|AR-C|8:00 a 22:00|8:00 a 22:00|8:00 a 22:00|8:00 a 22:00|8:00 a 22:00|8:00 a 22:00|8:00 a 22:00
15|1|1534|1534 - AVELLANEDA|Autoservicio|CL 25 DE MAYO 119||-34.661258|-58.364139||AVELLANEDA|00001870|BUENOS AIRES|AR-B|8:00 a 22:00|8:00 a 22:00|8:00 a 22:00|8:00 a 22:00|8:00 a 22:00|8:00 a 22:00|8:00 a 22:00
15|1|1538|1538 - VILLA LURO|Autoservicio|AV ALVAREZ JONTE 5730 (VILLA LURO)||-34.6278546|-58.5156425||VILLA LURO|00001407|CAPITAL FEDERAL|AR-C|8:00 a 22:00|8:00 a 22:00|8:00 a 22:00|8:00 a 22:00|8:00 a 22:00|8:00 a 22:00|8:00 a 22:00
15|1|1539|1539 - SAN VICENTE|Autoservicio|AV SARMIENTO ESQ AMORETTI||-35.031739|-58.417053||SAN VICENTE|00001865|BUENOS AIRES|AR-B|8:00 a 22:00|8:00 a 22:00|8:00 a 22:00|8:00 a 22:00|8:00 a 22:00|8:00 a 22:00|8:00 a 22:00
15|1|1543|1543 - CAPITAL FEDERAL|Autoservicio|AV ALMAFUERTE724/726/730||-34.646222|-58.414442||CAPITAL FEDERAL|00001437|CAPITAL FEDERAL|AR-C|8:00 a 22:00|8:00 a 22:00|8:00 a 22:00|8:00 a 22:00|8:00 a 22:00|8:00 a 22:00|8:00 a 22:00
15|1|1800|1800 - SALTA|Autoservicio|MITRE 960 (SALTA CAPITAL)||-24.7779849|-65.4099025||SALTA|00004400|SALTA|AR-A|8:00 a 22:00|8:00 a 22:00|8:00 a 22:00|8:00 a 22:00|8:00 a 22:00|8:00 a 22:00|8:00 a 22:00
15|1|1801|1801 - SALTA|Autoservicio|EJERCITO ARGENTINO Y BATALLA DE SALTA(SALTA CAPITAL )||-24.719693|-65.406139||SALTA|00004400|SALTA|AR-A|8:00 a 22:00|8:00 a 22:00|8:00 a 22:00|8:00 a 22:00|8:00 a 22:00|8:00 a 22:00|8:00 a 22:00
15|1|1802|1802 - SALTA|Autoservicio|AVJOSE CONTRERAS ESQ.ALFREDO PALACIOS||-24.811541|-65.426427||SALTA|00004400|SALTA|AR-A|8:00 a 22:00|8:00 a 22:00|8:00 a 22:00|8:00 a 22:00|8:00 a 22:00|8:00 a 22:00|8:00 a 22:00
15|1|1804|1804 - SALTA|Autoservicio|AV CIUDAD DE ASUNCION S/N ENTRE GALVEZ Y SIROLLI||-24.79814367|-65.37696159||SALTA|00004400|SALTA|AR-A|8:00 a 22:00|8:00 a 22:00|8:00 a 22:00|8:00 a 22:00|8:00 a 22:00|8:00 a 22:00|8:00 a 22:00
15|1|1806|1806 - JUJUY|Autoservicio|AV OLAVARRIA 390 ESQ. PERÙ||-24.19658|-65.309281||JUJUY|00004600|JUJUY|AR-J|8:00 a 22:00|8:00 a 22:00|8:00 a 22:00|8:00 a 22:00|8:00 a 22:00|8:00 a 22:00|8:00 a 22:00
15|1|1807|1807 - PALPALA|Autoservicio|REPUBLICA DE LA INDIA ESQ.MARTIJENA||-24.252255|-65.205416||PALPALA|00004612|JUJUY|AR-J|8:00 a 22:00|8:00 a 22:00|8:00 a 22:00|8:00 a 22:00|8:00 a 22:00|8:00 a 22:00|8:00 a 22:00
15|1|1808|1808 - PERICO DEL CARMEN|Autoservicio|AV SAN MARTIN 310||-24.377394|-65.118997||PERICO DEL CARMEN|00004608|JUJUY|AR-J|8:00 a 22:00|8:00 a 22:00|8:00 a 22:00|8:00 a 22:00|8:00 a 22:00|8:00 a 22:00|8:00 a 22:00
15|1|5187|5187 - COLON|Autoservicio|CALLE 46 ESQUINA 18,COLON,BS AS||-33.8931182|-61.102164||COLON|00002720|BUENOS AIRES|AR-B|8:00 a 22:00|8:00 a 22:00|8:00 a 22:00|8:00 a 22:00|8:00 a 22:00|8:00 a 22:00|8:00 a 22:00
15|1|5212|5212 - CASEROS|Autoservicio|AV SAN MARTIN 1637||-34.5972109|-58.5616585||CASEROS|00001678|BUENOS AIRES|AR-B|8:00 a 22:00|8:00 a 22:00|8:00 a 22:00|8:00 a 22:00|8:00 a 22:00|8:00 a 22:00|8:00 a 22:00
15|1|5219|5219 - ARRECIFES|Autoservicio|AV DR. CARLOS MERLASSINO 2||-34.061546|-60.101513||ARRECIFES|00002740|BUENOS AIRES|AR-B|8:00 a 22:00|8:00 a 22:00|8:00 a 22:00|8:00 a 22:00|8:00 a 22:00|8:00 a 22:00|8:00 a 22:00
15|1|5222|5222 - EZPELETA|Autoservicio|AV CENTENARIO 5270||-34.7542213|-58.2380455||EZPELETA|00001882|BUENOS AIRES|AR-B|8:00 a 22:00|8:00 a 22:00|8:00 a 22:00|8:00 a 22:00|8:00 a 22:00|8:00 a 22:00|8:00 a 22:00
15|1|5225|5225 - JOSE INGENIEROS|Autoservicio|LINCOLN 1978||-34.616048|-58.535336||JOSE INGENIEROS|00001703|BUENOS AIRES|AR-B|8:00 a 22:00|8:00 a 22:00|8:00 a 22:00|8:00 a 22:00|8:00 a 22:00|8:00 a 22:00|8:00 a 22:00
15|1|5235|5235 - LANUS|Autoservicio|AV R DE ESCALADA DE SAN MARTIN1334/40||-34.6859642|-58.3981991||LANUS|00001824|BUENOS AIRES|AR-B|8:00 a 22:00|8:00 a 22:00|8:00 a 22:00|8:00 a 22:00|8:00 a 22:00|8:00 a 22:00|8:00 a 22:00
15|1|5418|5418 - SAN CLEMENTE DEL TUYU|Autoservicio|AV SAN MARTIN ENTRE CALLE 3 Y 4||-36.356692|-56.721224||SAN CLEMENTE DEL TUYU|00007105|BUENOS AIRES|AR-B|8:00 a 22:00|8:00 a 22:00|8:00 a 22:00|8:00 a 22:00|8:00 a 22:00|8:00 a 22:00|8:00 a 22:00
15|1|5472|5472 - BERISSO|Autoservicio|CL 158 589||-34.8763557|-57.8931961||BERISSO|00001923|BUENOS AIRES|AR-B|8:00 a 22:00|8:00 a 22:00|8:00 a 22:00|8:00 a 22:00|8:00 a 22:00|8:00 a 22:00|8:00 a 22:00
15|1|5473|5473 - GRAND BOURG|Autoservicio|RICARDO ROJAS 1423||-34.4853288|-58.7291353||GRAND BOURG|00001615|BUENOS AIRES|AR-B|8:00 a 22:00|8:00 a 22:00|8:00 a 22:00|8:00 a 22:00|8:00 a 22:00|8:00 a 22:00|8:00 a 22:00
15|1|5474|5474 - SAN MARTIN|Autoservicio|SAN MARTIN 1959||-34.5438031|-58.6344706||SAN MARTIN|00001650|BUENOS AIRES|AR-B|8:00 a 22:00|8:00 a 22:00|8:00 a 22:00|8:00 a 22:00|8:00 a 22:00|8:00 a 22:00|8:00 a 22:00
15|1|5475|5475 - LA PLATA|Autoservicio|CALLE 48 N944||-34.9221623|-57.9626283||LA PLATA|00001900|BUENOS AIRES|AR-B|8:00 a 22:00|8:00 a 22:00|8:00 a 22:00|8:00 a 22:00|8:00 a 22:00|8:00 a 22:00|8:00 a 22:00
15|1|5476|5476 - GRAND BOURG|Autoservicio|ESPINOSA 1350||-34.5019198|-58.667915617||GRAND BOURG|00001650|BUENOS AIRES|AR-B|8:00 a 22:00|8:00 a 22:00|8:00 a 22:00|8:00 a 22:00|8:00 a 22:00|8:00 a 22:00|8:00 a 22:00
15|1|5477|5477 - GRAND BOURG|Autoservicio|AV ARTURO ILLIA 4950||-34.5754854|-58.5307159||GRAND BOURG|00001613|BUENOS AIRES|AR-B|8:00 a 22:00|8:00 a 22:00|8:00 a 22:00|8:00 a 22:00|8:00 a 22:00|8:00 a 22:00|8:00 a 22:00
15|1|5478|5478 - EZEIZA|Autoservicio|ARRIBEÑOS 280||-34.8556539|-58.5223401||EZEIZA|00001804|BUENOS AIRES|AR-B|8:00 a 22:00|8:00 a 22:00|8:00 a 22:00|8:00 a 22:00|8:00 a 22:00|8:00 a 22:00|8:00 a 22:00
15|1|5479|5479 - LANUS|Autoservicio|HIPOLITO YRIGOYEN 6735||-34.7334837|-58.3997083||LANUS|00001826|BUENOS AIRES|AR-B|8:00 a 22:00|8:00 a 22:00|8:00 a 22:00|8:00 a 22:00|8:00 a 22:00|8:00 a 22:00|8:00 a 22:00
15|1|5480|5480 - LANUS|Autoservicio|CANADA 2111||-34.6919464|-58.4092382||LANUS|00001824|BUENOS AIRES|AR-B|8:00 a 22:00|8:00 a 22:00|8:00 a 22:00|8:00 a 22:00|8:00 a 22:00|8:00 a 22:00|8:00 a 22:00
15|1|5483|5483 - LA PLATA|Autoservicio|CALLE 56 1290||-34.5614092|-58.5214382||LA PLATA|00001900|BUENOS AIRES|AR-B|8:00 a 22:00|8:00 a 22:00|8:00 a 22:00|8:00 a 22:00|8:00 a 22:00|8:00 a 22:00|8:00 a 22:00
15|1|5484|5484 - EZEIZA|Autoservicio|DIEGO LAURE 229||-34.8564988|-58.5228057||EZEIZA|00001804|BUENOS AIRES|AR-B|8:00 a 22:00|8:00 a 22:00|8:00 a 22:00|8:00 a 22:00|8:00 a 22:00|8:00 a 22:00|8:00 a 22:00
15|1|5485|5485 - TIGRE|Autoservicio|AV HIPOLITO YRIGOYEN 1065||-34.6097868|-58.3828226||TIGRE|00001617|BUENOS AIRES|AR-B|8:00 a 22:00|8:00 a 22:00|8:00 a 22:00|8:00 a 22:00|8:00 a 22:00|8:00 a 22:00|8:00 a 22:00
15|1|5486|5486 - QUILMES|Autoservicio|AV. LOS QUILMES 970||-34.7171436|-58.3050519||QUILMES|00001876|BUENOS AIRES|AR-B|8:00 a 22:00|8:00 a 22:00|8:00 a 22:00|8:00 a 22:00|8:00 a 22:00|8:00 a 22:00|8:00 a 22:00
15|1|5487|5487 - LANUS|Autoservicio|AV HIPOLITO YRIGOYEN 3402||-34.6130285|-58.4169895||LANUS|00001824|BUENOS AIRES|AR-B|8:00 a 22:00|8:00 a 22:00|8:00 a 22:00|8:00 a 22:00|8:00 a 22:00|8:00 a 22:00|8:00 a 22:00
15|1|5489|5489 - QUILMES|Autoservicio|ZAPIOLA 2073||-34.5662875|-58.4651215||QUILMES|00001825|BUENOS AIRES|AR-B|8:00 a 22:00|8:00 a 22:00|8:00 a 22:00|8:00 a 22:00|8:00 a 22:00|8:00 a 22:00|8:00 a 22:00
15|1|5493|5493 - SAN ANDRES|Autoservicio|AV AYACUCHO 2873||-34.5668702|-58.5450264||SAN ANDRES|00001651|BUENOS AIRES|AR-B|8:00 a 22:00|8:00 a 22:00|8:00 a 22:00|8:00 a 22:00|8:00 a 22:00|8:00 a 22:00|8:00 a 22:00
15|1|5495|5495 - VILLA MAIPU|Autoservicio|ESTRADA 2952||-34.5734458|-58.5317778||VILLA MAIPU|00001509|BUENOS AIRES|AR-B|8:00 a 22:00|8:00 a 22:00|8:00 a 22:00|8:00 a 22:00|8:00 a 22:00|8:00 a 22:00|8:00 a 22:00
15|1|5496|5496 - GRAND BOURG|Autoservicio|AV EVA PERON 1143||-34.4915946|-58.7295524||GRAND BOURG|00001615|BUENOS AIRES|AR-B|8:00 a 22:00|8:00 a 22:00|8:00 a 22:00|8:00 a 22:00|8:00 a 22:00|8:00 a 22:00|8:00 a 22:00
15|1|5497|5497 - LOMA HERMOSA|Autoservicio|1 DE MAYO 850||-34.5672055|-58.6420494||LOMA HERMOSA|00001692|BUENOS AIRES|AR-B|8:00 a 22:00|8:00 a 22:00|8:00 a 22:00|8:00 a 22:00|8:00 a 22:00|8:00 a 22:00|8:00 a 22:00
15|1|5498|5498 - VILLA BALLESTER|Autoservicio|ALVEAR 2855||-34.5505817|-58.5576533||VILLA BALLESTER|00001653|BUENOS AIRES|AR-B|8:00 a 22:00|8:00 a 22:00|8:00 a 22:00|8:00 a 22:00|8:00 a 22:00|8:00 a 22:00|8:00 a 22:00
15|1|5499|5499 - JOSE C. PAZ|Autoservicio|HECTOR ARREGUI 1945||-34.5024182|-58.7645278||JOSE C. PAZ|00001660|BUENOS AIRES|AR-B|8:00 a 22:00|8:00 a 22:00|8:00 a 22:00|8:00 a 22:00|8:00 a 22:00|8:00 a 22:00|8:00 a 22:00
15|1|5501|5501 - SAN ANTONIO DE PADUA|Autoservicio|ZARATE 155||-34.6641202|-58.7003972||SAN ANTONIO DE PADUA|00001718|BUENOS AIRES|AR-B|8:00 a 22:00|8:00 a 22:00|8:00 a 22:00|8:00 a 22:00|8:00 a 22:00|8:00 a 22:00|8:00 a 22:00
15|1|5502|5502 - VILLA LYNCH PDO S MARTIN|Autoservicio|AV RICARDO BALBIN 1984||-34.5815345|-58.5415048||VILLA LYNCH PDO S MARTIN|00001650|BUENOS AIRES|AR-B|8:00 a 22:00|8:00 a 22:00|8:00 a 22:00|8:00 a 22:00|8:00 a 22:00|8:00 a 22:00|8:00 a 22:00
15|1|5503|5503 - SAN MARTIN|Autoservicio|BONIFACINI 2089||-34.5757204|-58.5499705||SAN MARTIN|00001650|BUENOS AIRES|AR-B|8:00 a 22:00|8:00 a 22:00|8:00 a 22:00|8:00 a 22:00|8:00 a 22:00|8:00 a 22:00|8:00 a 22:00
15|1|5506|5506 - ESCOBAR|Autoservicio|PRESIDENTE PERON 151||-34.42082|-58.73481||ESCOBAR|00001619|BUENOS AIRES|AR-B|8:00 a 22:00|8:00 a 22:00|8:00 a 22:00|8:00 a 22:00|8:00 a 22:00|8:00 a 22:00|8:00 a 22:00
15|1|5507|5507 - SAN FERNANDO|Autoservicio|AV AVELLANEDA 4801||-34.4663421|-58.5846567||SAN FERNANDO|00001611|BUENOS AIRES|AR-B|8:00 a 22:00|8:00 a 22:00|8:00 a 22:00|8:00 a 22:00|8:00 a 22:00|8:00 a 22:00|8:00 a 22:00
15|1|5508|5508 - JOSE C. PAZ|Autoservicio|AV PRESIDENTE PERON 3748||-34.5263164|-58.7334515||JOSE C. PAZ|00001665|BUENOS AIRES|AR-B|8:00 a 22:00|8:00 a 22:00|8:00 a 22:00|8:00 a 22:00|8:00 a 22:00|8:00 a 22:00|8:00 a 22:00
15|1|5510|5510 - SAN MIGUEL|Autoservicio|BELGRANO 1377||-34.54435228|-58.71210959||SAN MIGUEL|00001663|BUENOS AIRES|AR-B|8:00 a 22:00|8:00 a 22:00|8:00 a 22:00|8:00 a 22:00|8:00 a 22:00|8:00 a 22:00|8:00 a 22:00
15|1|5511|5511 - LA PLATA|Autoservicio|AV. 7 423||-34.9077959|-57.9616369||LA PLATA|00001900|BUENOS AIRES|AR-B|8:00 a 22:00|8:00 a 22:00|8:00 a 22:00|8:00 a 22:00|8:00 a 22:00|8:00 a 22:00|8:00 a 22:00
15|1|5512|5512 - HURLINGHAM|Autoservicio|PEDRO DIAZ 502||-34.61213|-58.63901||HURLINGHAM|00001634|BUENOS AIRES|AR-B|8:00 a 22:00|8:00 a 22:00|8:00 a 22:00|8:00 a 22:00|8:00 a 22:00|8:00 a 22:00|8:00 a 22:00
15|1|5513|5513 - LOMA HERMOSA|Autoservicio|LOS AROMOS 6194||-34.60452|-58.59279||LOMA HERMOSA|00001684|BUENOS AIRES|AR-B|8:00 a 22:00|8:00 a 22:00|8:00 a 22:00|8:00 a 22:00|8:00 a 22:00|8:00 a 22:00|8:00 a 22:00
15|1|5520|5520 - LA PLATA|Autoservicio|AV 137 1648||-34.9542317|-57.9658855||LA PLATA|00001910|BUENOS AIRES|AR-B|8:00 a 22:00|8:00 a 22:00|8:00 a 22:00|8:00 a 22:00|8:00 a 22:00|8:00 a 22:00|8:00 a 22:00
15|1|5522|5522 - QUILMES|Autoservicio|AV. MITRE 4652||-34.69238|-58.332||QUILMES|00001882|BUENOS AIRES|AR-B|8:00 a 22:00|8:00 a 22:00|8:00 a 22:00|8:00 a 22:00|8:00 a 22:00|8:00 a 22:00|8:00 a 22:00
15|1|5526|5526 - HURLINGHAM|Autoservicio|AV TENIENTE GENERAL ROCA 1930||-34.58104|-58.63882||HURLINGHAM|00001686|BUENOS AIRES|AR-B|8:00 a 22:00|8:00 a 22:00|8:00 a 22:00|8:00 a 22:00|8:00 a 22:00|8:00 a 22:00|8:00 a 22:00
15|1|5528|5528 - TIGRE|Autoservicio|AV. GRAL PRESIDENTE JUAN DOMINGO PERON 4135||-34.43800902|-58.68234515||TIGRE|00001617|BUENOS AIRES|AR-B|8:00 a 22:00|8:00 a 22:00|8:00 a 22:00|8:00 a 22:00|8:00 a 22:00|8:00 a 22:00|8:00 a 22:00
15|1|5530|5530 - SAN MARTIN|Autoservicio|AV. ARTURO ILLIA 2431||-34.5718271|-58.5236061||SAN MARTIN|00001650|BUENOS AIRES|AR-B|8:00 a 22:00|8:00 a 22:00|8:00 a 22:00|8:00 a 22:00|8:00 a 22:00|8:00 a 22:00|8:00 a 22:00
15|1|5531|5531 - LA PLATA|Autoservicio|AV CAMINO PARQUE CENTENARIO 2855||-34.881901|-58.0074042||LA PLATA|00001897|BUENOS AIRES|AR-B|8:00 a 22:00|8:00 a 22:00|8:00 a 22:00|8:00 a 22:00|8:00 a 22:00|8:00 a 22:00|8:00 a 22:00
15|1|5532|5532 - QUILMES|Autoservicio|PRIMERA JUNTA 340||-34.7306744|-58.2488671||QUILMES|00001878|BUENOS AIRES|AR-B|8:00 a 22:00|8:00 a 22:00|8:00 a 22:00|8:00 a 22:00|8:00 a 22:00|8:00 a 22:00|8:00 a 22:00
15|1|5533|5533 - QUILMES|Autoservicio|CALLE 893 4218||-34.7767673|-58.3088338||QUILMES|00001879|BUENOS AIRES|AR-B|8:00 a 22:00|8:00 a 22:00|8:00 a 22:00|8:00 a 22:00|8:00 a 22:00|8:00 a 22:00|8:00 a 22:00
15|1|5534|5534 - SAN MARTIN|Autoservicio|MORENO 1720||-34.5336568|-58.5576519||SAN MARTIN|00001653|BUENOS AIRES|AR-B|8:00 a 22:00|8:00 a 22:00|8:00 a 22:00|8:00 a 22:00|8:00 a 22:00|8:00 a 22:00|8:00 a 22:00
15|1|5536|5536 - LA PLATA|Autoservicio|AV 7 1290/92||-34.9196568|-57.9428715||LA PLATA|00001906|BUENOS AIRES|AR-B|8:00 a 22:00|8:00 a 22:00|8:00 a 22:00|8:00 a 22:00|8:00 a 22:00|8:00 a 22:00|8:00 a 22:00
15|1|5537|5537 - LOMA HERMOSA|Autoservicio|PRESIDENTE PERON 9483||-34.571809|-58.6138335||LOMA HERMOSA|00001689|BUENOS AIRES|AR-B|8:00 a 22:00|8:00 a 22:00|8:00 a 22:00|8:00 a 22:00|8:00 a 22:00|8:00 a 22:00|8:00 a 22:00
15|1|5539|5539 - MERLO|Autoservicio|JUNCAL 719||-34.6665154|-58.7279383||MERLO|00001722|BUENOS AIRES|AR-B|8:00 a 22:00|8:00 a 22:00|8:00 a 22:00|8:00 a 22:00|8:00 a 22:00|8:00 a 22:00|8:00 a 22:00
15|1|5541|5541 - QUILMES|Autoservicio|CALLE 898 4250||-34.77985|-58.31504||QUILMES|00001881|BUENOS AIRES|AR-B|8:00 a 22:00|8:00 a 22:00|8:00 a 22:00|8:00 a 22:00|8:00 a 22:00|8:00 a 22:00|8:00 a 22:00
15|1|5543|5543 - HURLINGHAM|Autoservicio|AV GOBERNADOR VERGARA 2371||-34.6145142|-58.6364481||HURLINGHAM|00001686|BUENOS AIRES|AR-B|8:00 a 22:00|8:00 a 22:00|8:00 a 22:00|8:00 a 22:00|8:00 a 22:00|8:00 a 22:00|8:00 a 22:00
15|1|5544|5544 - MORON|Autoservicio|RIVADAVIA 18362||-34.6493809|-58.624186||MORON|00001708|BUENOS AIRES|AR-B|8:00 a 22:00|8:00 a 22:00|8:00 a 22:00|8:00 a 22:00|8:00 a 22:00|8:00 a 22:00|8:00 a 22:00
15|1|5545|5545 - TIGRE|Autoservicio|AV. HIPOLITO YRIGOYEN 1740||-34.46663|-58.64586||TIGRE|00001618|BUENOS AIRES|AR-B|8:00 a 22:00|8:00 a 22:00|8:00 a 22:00|8:00 a 22:00|8:00 a 22:00|8:00 a 22:00|8:00 a 22:00
15|1|5547|5547 - QUILMES|Autoservicio|HIPOLITO YRIGOYEN 550||-34.72257|-58.26069||QUILMES|00001878|BUENOS AIRES|AR-B|8:00 a 22:00|8:00 a 22:00|8:00 a 22:00|8:00 a 22:00|8:00 a 22:00|8:00 a 22:00|8:00 a 22:00
15|1|5549|5549 - VILLA BALLESTER|Autoservicio|LACROZE 5066||-34.5473024|-58.5576045||VILLA BALLESTER|00001653|BUENOS AIRES|AR-B|8:00 a 22:00|8:00 a 22:00|8:00 a 22:00|8:00 a 22:00|8:00 a 22:00|8:00 a 22:00|8:00 a 22:00
15|1|5551|5551 - JOSE LEON SUAREZ|Autoservicio|BRIG.GRAL.JUAN MAN DE ROSAS 3200||-34.536991|-58.577864||JOSE LEON SUAREZ|00001655|BUENOS AIRES|AR-B|8:00 a 22:00|8:00 a 22:00|8:00 a 22:00|8:00 a 22:00|8:00 a 22:00|8:00 a 22:00|8:00 a 22:00
15|1|5552|5552 - QUILMES|Autoservicio|AV FERROCARRIL PROVINCIAL 3703||-34.7781297|-58.3192657||QUILMES|00001881|BUENOS AIRES|AR-B|8:00 a 22:00|8:00 a 22:00|8:00 a 22:00|8:00 a 22:00|8:00 a 22:00|8:00 a 22:00|8:00 a 22:00
15|1|5553|5553 - SANTOS LUGARES|Autoservicio|AV LA PLATA 3454||-34.60213|-58.54294||SANTOS LUGARES|00001650|BUENOS AIRES|AR-B|8:00 a 22:00|8:00 a 22:00|8:00 a 22:00|8:00 a 22:00|8:00 a 22:00|8:00 a 22:00|8:00 a 22:00
15|1|5556|5556 - ALMIRANTE BROWN|Autoservicio|AV SAN MARTIN 1948||-34.8016|-58.7712||ALMIRANTE BROWN|00001847|BUENOS AIRES|AR-B|8:00 a 22:00|8:00 a 22:00|8:00 a 22:00|8:00 a 22:00|8:00 a 22:00|8:00 a 22:00|8:00 a 22:00
15|1|5561|5561 - JOSE C. PAZ|Autoservicio|HIPOLITO YRIGOYEN 4125||-34.529241|-58.776617||JOSE C. PAZ|00001665|BUENOS AIRES|AR-B|8:00 a 22:00|8:00 a 22:00|8:00 a 22:00|8:00 a 22:00|8:00 a 22:00|8:00 a 22:00|8:00 a 22:00
15|1|5566|5566 - LOMA HERMOSA|Autoservicio|LAS GARDENIAS 5932||-34.56057|-58.59595||LOMA HERMOSA|00001635|BUENOS AIRES|AR-B|8:00 a 22:00|8:00 a 22:00|8:00 a 22:00|8:00 a 22:00|8:00 a 22:00|8:00 a 22:00|8:00 a 22:00
15|1|5567|5567 - TORTUGUITAS|Autoservicio|DRAGO LUIS MARIA 136||-34.48374|-58.78303||TORTUGUITAS|00001667|BUENOS AIRES|AR-B|8:00 a 22:00|8:00 a 22:00|8:00 a 22:00|8:00 a 22:00|8:00 a 22:00|8:00 a 22:00|8:00 a 22:00
15|1|5570|5570 - QUILMES|Autoservicio|AV CALCHAQUI 4563||-34.765737|-58.274566||QUILMES|00001879|BUENOS AIRES|AR-B|8:00 a 22:00|8:00 a 22:00|8:00 a 22:00|8:00 a 22:00|8:00 a 22:00|8:00 a 22:00|8:00 a 22:00
15|1|5571|5571 - JOSE C. PAZ|Autoservicio|SESQUICENTENARIO 1020||-34.50517|-58.71927||JOSE C. PAZ|00001615|BUENOS AIRES|AR-B|8:00 a 22:00|8:00 a 22:00|8:00 a 22:00|8:00 a 22:00|8:00 a 22:00|8:00 a 22:00|8:00 a 22:00
15|1|5572|5572 - HURLINGHAM|Autoservicio|ARGERICH 1815||-34.58717|-58.64318||HURLINGHAM|00001686|BUENOS AIRES|AR-B|8:00 a 22:00|8:00 a 22:00|8:00 a 22:00|8:00 a 22:00|8:00 a 22:00|8:00 a 22:00|8:00 a 22:00
15|1|5573|5573 - QUILMES|Autoservicio|REPUBLICA DEL LIBANO 369||-34.71868|-58.27011||QUILMES|00001878|BUENOS AIRES|AR-B|8:00 a 22:00|8:00 a 22:00|8:00 a 22:00|8:00 a 22:00|8:00 a 22:00|8:00 a 22:00|8:00 a 22:00
15|1|5575|5575 - PERGAMINO|Autoservicio|SAN NICOLAS 650||-33.8954|-60.57341||PERGAMINO|00002700|BUENOS AIRES|AR-B|8:00 a 22:00|8:00 a 22:00|8:00 a 22:00|8:00 a 22:00|8:00 a 22:00|8:00 a 22:00|8:00 a 22:00
15|1|5576|5576 - CONCEPC DEL URUGUAY|Autoservicio|COMBATIENTES DE MALVINAS 82||-32.48258|-58.22749||CONCEPC DEL URUGUAY|00003260|ENTRE RIOS|AR-E|8:00 a 22:00|8:00 a 22:00|8:00 a 22:00|8:00 a 22:00|8:00 a 22:00|8:00 a 22:00|8:00 a 22:00
15|1|5577|5577 - PARANA-ENTRE RIOS|Autoservicio|AV LAS AMERICAS 3854||-31.7734|-60.5212||PARANA-ENTRE RIOS|00003104|ENTRE RIOS|AR-E|8:00 a 22:00|8:00 a 22:00|8:00 a 22:00|8:00 a 22:00|8:00 a 22:00|8:00 a 22:00|8:00 a 22:00
15|1|5582|5582 - PERGAMINO|Autoservicio|BOULEVARD COLÓN 1448||-33.89933|-60.58409||PERGAMINO|00002700|BUENOS AIRES|AR-B|8:00 a 22:00|8:00 a 22:00|8:00 a 22:00|8:00 a 22:00|8:00 a 22:00|8:00 a 22:00|8:00 a 22:00
15|1|5586|5586 - BARADERO|Autoservicio|AV.SAN MARTIN 3050||-33.82414|-59.51679||BARADERO|00002942|BUENOS AIRES|AR-B|8:00 a 22:00|8:00 a 22:00|8:00 a 22:00|8:00 a 22:00|8:00 a 22:00|8:00 a 22:00|8:00 a 22:00
15|1|5587|5587 - JUNIN|Autoservicio|JUAN B JUST0 244||-34.577994|-60.94896||JUNIN|00006000|BUENOS AIRES|AR-B|8:00 a 22:00|8:00 a 22:00|8:00 a 22:00|8:00 a 22:00|8:00 a 22:00|8:00 a 22:00|8:00 a 22:00
15|1|5588|5588 - PERGAMINO|Autoservicio|BOULEVARD LINIERS 757||-33.91076|-60.58295||PERGAMINO|00002700|BUENOS AIRES|AR-B|8:00 a 22:00|8:00 a 22:00|8:00 a 22:00|8:00 a 22:00|8:00 a 22:00|8:00 a 22:00|8:00 a 22:00
15|1|5589|5589 - MORON|Autoservicio|AV RIVADAVIA 17980||-34.64946|-58.61708||MORON|00001708|BUENOS AIRES|AR-B|8:00 a 22:00|8:00 a 22:00|8:00 a 22:00|8:00 a 22:00|8:00 a 22:00|8:00 a 22:00|8:00 a 22:00
15|1|5590|5590 - CAMPANA|Autoservicio|AV TTE GRAL JUAN DOMINGO PERON 531||-34.17574|-58.95415||CAMPANA|00002804|BUENOS AIRES|AR-B|8:00 a 22:00|8:00 a 22:00|8:00 a 22:00|8:00 a 22:00|8:00 a 22:00|8:00 a 22:00|8:00 a 22:00
15|1|5593|5593 - LOMAS DE ZAMORA|Autoservicio|AV. HIPÓLITO YRIGOYEN 12657||-34.80219|-58.40724||LOMAS DE ZAMORA|00001846|BUENOS AIRES|AR-B|8:00 a 22:00|8:00 a 22:00|8:00 a 22:00|8:00 a 22:00|8:00 a 22:00|8:00 a 22:00|8:00 a 22:00
15|1|5598|5598 - LINCOLN|Autoservicio|AV. MASSEY 1||-34.87075|-61.53379||LINCOLN|00006070|BUENOS AIRES|AR-B|8:00 a 22:00|8:00 a 22:00|8:00 a 22:00|8:00 a 22:00|8:00 a 22:00|8:00 a 22:00|8:00 a 22:00
15|1|5599|5599 - CAPITAN SARMIENTO|Autoservicio|SAN MARTIN 330||-34.17877|-59.79935||CAPITAN SARMIENTO|00002478|BUENOS AIRES|AR-B|8:00 a 22:00|8:00 a 22:00|8:00 a 22:00|8:00 a 22:00|8:00 a 22:00|8:00 a 22:00|8:00 a 22:00
15|1|5601|5601 - LIMA|Autoservicio|CALLE 8 790||-34.04382|-59.19806||LIMA|00002806|BUENOS AIRES|AR-B|8:00 a 22:00|8:00 a 22:00|8:00 a 22:00|8:00 a 22:00|8:00 a 22:00|8:00 a 22:00|8:00 a 22:00
15|1|5602|5602 - TRENQUE LAUQUEN|Autoservicio|SIMINI 572||-35.97726|-62.73824||TRENQUE LAUQUEN|00006400|BUENOS AIRES|AR-B|8:00 a 22:00|8:00 a 22:00|8:00 a 22:00|8:00 a 22:00|8:00 a 22:00|8:00 a 22:00|8:00 a 22:00
15|1|5604|5604 - DOLORES|Autoservicio|CALLE DORREGO 749||-36.31759|-57.68835||DOLORES|00007100|BUENOS AIRES|AR-B|8:00 a 22:00|8:00 a 22:00|8:00 a 22:00|8:00 a 22:00|8:00 a 22:00|8:00 a 22:00|8:00 a 22:00
15|1|5605|5605 - VILLA GESELL|Autoservicio|AV 3 3939||-37.28566|-56.99298||VILLA GESELL|00007165|BUENOS AIRES|AR-B|8:00 a 22:00|8:00 a 22:00|8:00 a 22:00|8:00 a 22:00|8:00 a 22:00|8:00 a 22:00|8:00 a 22:00
15|1|5606|5606 - ALMIRANTE BROWN|Autoservicio|AV SAN MARTIN 5688||-34.77814|-58.33268||ALMIRANTE BROWN|00001843|BUENOS AIRES|AR-B|8:00 a 22:00|8:00 a 22:00|8:00 a 22:00|8:00 a 22:00|8:00 a 22:00|8:00 a 22:00|8:00 a 22:00
15|1|5607|5607 - LINCOLN|Autoservicio|AV. SAN LORENZO 1180||-34.8614|-61.53893||LINCOLN|00006070|BUENOS AIRES|AR-B|8:00 a 22:00|8:00 a 22:00|8:00 a 22:00|8:00 a 22:00|8:00 a 22:00|8:00 a 22:00|8:00 a 22:00
15|1|5608|5608 - ADOLFO GONZALEZ CHAVES|Autoservicio|LAVALLE 400 ESQ MAIPU||-38.031|-60.09835||ADOLFO GONZALEZ CHAVES|00007513|BUENOS AIRES|AR-B|8:00 a 22:00|8:00 a 22:00|8:00 a 22:00|8:00 a 22:00|8:00 a 22:00|8:00 a 22:00|8:00 a 22:00
15|1|5609|5609 - SAN VICENTE|Autoservicio|AV. RIVADAVIA 500||-35.02018|-58.42712||SAN VICENTE|00001865|BUENOS AIRES|AR-B|8:00 a 22:00|8:00 a 22:00|8:00 a 22:00|8:00 a 22:00|8:00 a 22:00|8:00 a 22:00|8:00 a 22:00
15|1|5611|5611 - AMEGHINO|Autoservicio|SARMIENTO 736||-34.63466|-58.58048||AMEGHINO|00006064|BUENOS AIRES|AR-B|8:00 a 22:00|8:00 a 22:00|8:00 a 22:00|8:00 a 22:00|8:00 a 22:00|8:00 a 22:00|8:00 a 22:00
15|1|5612|5612 - JUNIN|Autoservicio|FRANCIA 680||-34.5988|-60.95887||JUNIN|00006000|BUENOS AIRES|AR-B|8:00 a 22:00|8:00 a 22:00|8:00 a 22:00|8:00 a 22:00|8:00 a 22:00|8:00 a 22:00|8:00 a 22:00
15|1|5613|5613 - ALMIRANTE BROWN|Autoservicio|AV PRESIDENTE PERON 3555||-34.79429|-58.35145||ALMIRANTE BROWN|00001847|BUENOS AIRES|AR-B|8:00 a 22:00|8:00 a 22:00|8:00 a 22:00|8:00 a 22:00|8:00 a 22:00|8:00 a 22:00|8:00 a 22:00
15|1|5616|5616 - SAN VICENTE|Autoservicio|JUAN MANUEL DE ROSAS 517||-34.98569|-58.36737||SAN VICENTE|00001864|BUENOS AIRES|AR-B|8:00 a 22:00|8:00 a 22:00|8:00 a 22:00|8:00 a 22:00|8:00 a 22:00|8:00 a 22:00|8:00 a 22:00
15|1|5619|5619 - BOLIVAR|Autoservicio|AV CAFULCURA 1472||-36.24093|-61.1282||BOLIVAR|00006550|BUENOS AIRES|AR-B|8:00 a 22:00|8:00 a 22:00|8:00 a 22:00|8:00 a 22:00|8:00 a 22:00|8:00 a 22:00|8:00 a 22:00
15|1|5620|5620 - TIGRE|Autoservicio|AV. HIPOLITO YRIGOYEN 2232||-34.47187|-58.6556||TIGRE|00001618|BUENOS AIRES|AR-B|8:00 a 22:00|8:00 a 22:00|8:00 a 22:00|8:00 a 22:00|8:00 a 22:00|8:00 a 22:00|8:00 a 22:00
15|1|6052|6052 - VILLA CAÑAS|Autoservicio|CALLE 57 ESQUINA 56||-34.002525|-61.609768||VILLA CAÑAS|00002607|SANTA FE|AR-S|8:00 a 22:00|8:00 a 22:00|8:00 a 22:00|8:00 a 22:00|8:00 a 22:00|8:00 a 22:00|8:00 a 22:00
15|1|6067|6067 - BASAVILBASO|Autoservicio|HIRSCH 388||-32.37007|-58.87627||BASAVILBASO|00003170|ENTRE RIOS|AR-E|8:00 a 22:00|8:00 a 22:00|8:00 a 22:00|8:00 a 22:00|8:00 a 22:00|8:00 a 22:00|8:00 a 22:00
15|1|8005|8005 - SALTA|Autoservicio|25 DE MAYO 652||-24.7814935|-65.4143692||SALTA|00004400|SALTA|AR-A|8:00 a 22:00|8:00 a 22:00|8:00 a 22:00|8:00 a 22:00|8:00 a 22:00|8:00 a 22:00|8:00 a 22:00
15|1|8009|8009 - SALTA|Autoservicio|SARMIENTO ESQUINA TORINO||-24.9856165|-65.5777397||SALTA|00004405|SALTA|AR-A|8:00 a 22:00|8:00 a 22:00|8:00 a 22:00|8:00 a 22:00|8:00 a 22:00|8:00 a 22:00|8:00 a 22:00
15|1|8016|8016 - SALTA|Autoservicio|JUAN MANUEL DE ROSAS ESQUINA BALBIN||-24.8857|-65.469513||SALTA|00004400|SALTA|AR-A|8:00 a 22:00|8:00 a 22:00|8:00 a 22:00|8:00 a 22:00|8:00 a 22:00|8:00 a 22:00|8:00 a 22:00
15|1|5397|5397 - VILLA LYNCH|Autoservicio|AV BALBIN|2239|-34.578933|-58.544216||VILLA LYNCH|00001650|BUENOS AIRES|AR-B|8:00 a 22:00|8:00 a 22:00|8:00 a 22:00|8:00 a 22:00|8:00 a 22:00|8:00 a 22:00|8:00 a 22:00
15|1|5398|5398 - MAR DEL PLATA|Autoservicio|AV COLON|3755|-37.976884|-57.561716||MAR DEL PLATA|00007600|BUENOS AIRES|AR-B|8:00 a 22:00|8:00 a 22:00|8:00 a 22:00|8:00 a 22:00|8:00 a 22:00|8:00 a 22:00|8:00 a 22:00
15|1|5402|5402 - LA PLATA|Autoservicio|CALLE 63|2085|-34.951727|-57.969232||LA PLATA|00001910|BUENOS AIRES|AR-B|8:00 a 22:00|8:00 a 22:00|8:00 a 22:00|8:00 a 22:00|8:00 a 22:00|8:00 a 22:00|8:00 a 22:00
15|1|5403|5403 - FLORIDA|Autoservicio|AV SAN MARTIN|2873|-34.531889|-58.500389||FLORIDA|00001638|BUENOS AIRES|AR-B|8:00 a 22:00|8:00 a 22:00|8:00 a 22:00|8:00 a 22:00|8:00 a 22:00|8:00 a 22:00|8:00 a 22:00
15|1|5406|5406 - MORENO|Autoservicio|GORRITI|1216|-34.6050844|-58.86616059||MORENO|00001746|BUENOS AIRES|AR-B|8:00 a 22:00|8:00 a 22:00|8:00 a 22:00|8:00 a 22:00|8:00 a 22:00|8:00 a 22:00|8:00 a 22:00
15|1|5407|5407 - CASEROS|Autoservicio|AV BARTOLOME MITRE|5146|-34.60986|-58.570369||CASEROS|00001678|BUENOS AIRES|AR-B|8:00 a 22:00|8:00 a 22:00|8:00 a 22:00|8:00 a 22:00|8:00 a 22:00|8:00 a 22:00|8:00 a 22:00
15|1|5409|5409 - MAR DEL PLATA|Autoservicio|AV PEDRO LURO|3411|-37.994395|-57.55446||MAR DEL PLATA|00007600|BUENOS AIRES|AR-B|8:00 a 22:00|8:00 a 22:00|8:00 a 22:00|8:00 a 22:00|8:00 a 22:00|8:00 a 22:00|8:00 a 22:00
15|1|5410|5410 - LA PLATA|Autoservicio|AV 7|272|-34.904968|-57.962845||LA PLATA|00001902|BUENOS AIRES|AR-B|8:00 a 22:00|8:00 a 22:00|8:00 a 22:00|8:00 a 22:00|8:00 a 22:00|8:00 a 22:00|8:00 a 22:00
15|1|5413|5413 - CASEROS|Autoservicio|AV MITRE|3825|-34.6139368|-58.5519628||CASEROS|00001678|BUENOS AIRES|AR-B|8:00 a 22:00|8:00 a 22:00|8:00 a 22:00|8:00 a 22:00|8:00 a 22:00|8:00 a 22:00|8:00 a 22:00
15|1|5414|5414 - ALBERTI|Autoservicio|VACARREZZA|216|-35.030491|-60.280476||ALBERTI|00006634|BUENOS AIRES|AR-B|8:00 a 22:00|8:00 a 22:00|8:00 a 22:00|8:00 a 22:00|8:00 a 22:00|8:00 a 22:00|8:00 a 22:00
15|1|5416|5416 - HURLINGHAM|Autoservicio|AV ROCA|822|-34.592328|-58.624369||HURLINGHAM|00001686|BUENOS AIRES|AR-B|8:00 a 22:00|8:00 a 22:00|8:00 a 22:00|8:00 a 22:00|8:00 a 22:00|8:00 a 22:00|8:00 a 22:00
15|1|5420|5420 - MORENO|Autoservicio|MARTINEZ MELO|1062|-34.654241|-58.793415||MORENO|00001744|BUENOS AIRES|AR-B|8:00 a 22:00|8:00 a 22:00|8:00 a 22:00|8:00 a 22:00|8:00 a 22:00|8:00 a 22:00|8:00 a 22:00
15|1|5421|5421 - VILLA DE MAYO|Autoservicio|EVA PERON|3720|-34.501807|-58.68074||VILLA DE MAYO|00001614|BUENOS AIRES|AR-B|8:00 a 22:00|8:00 a 22:00|8:00 a 22:00|8:00 a 22:00|8:00 a 22:00|8:00 a 22:00|8:00 a 22:00
15|1|5422|5422 - SAN MIGUEL|Autoservicio|DOMINGO FAUSTINO SARMIENTO|1844|-34.540584|-58.716217||SAN MIGUEL|00001663|BUENOS AIRES|AR-B|8:00 a 22:00|8:00 a 22:00|8:00 a 22:00|8:00 a 22:00|8:00 a 22:00|8:00 a 22:00|8:00 a 22:00
15|1|5423|5423 - BALCARCE|Autoservicio|CALLE 17|676|-37.848426|-58.255187||BALCARCE|00007620|BUENOS AIRES|AR-B|8:00 a 22:00|8:00 a 22:00|8:00 a 22:00|8:00 a 22:00|8:00 a 22:00|8:00 a 22:00|8:00 a 22:00
15|1|5425|5425 - ENSENADA|Autoservicio|AV HORACIO CESTINO|561|-34.86542|-57.905602||ENSENADA|00001925|BUENOS AIRES|AR-B|8:00 a 22:00|8:00 a 22:00|8:00 a 22:00|8:00 a 22:00|8:00 a 22:00|8:00 a 22:00|8:00 a 22:00
15|1|5428|5428 - VICENTE LOPEZ|Autoservicio|FRANCISCO NARCISO DE LAPRIDA|4475|-34.5514763|-58.5119118||VICENTE LOPEZ|00001603|BUENOS AIRES|AR-B|8:00 a 22:00|8:00 a 22:00|8:00 a 22:00|8:00 a 22:00|8:00 a 22:00|8:00 a 22:00|8:00 a 22:00
15|1|5429|5429 - VICENTE LOPEZ|Autoservicio|FRANCISCO NARCISO DE LAPRIDA|4076|-34.549358|-58.507512||VICENTE LOPEZ|00001603|BUENOS AIRES|AR-B|8:00 a 22:00|8:00 a 22:00|8:00 a 22:00|8:00 a 22:00|8:00 a 22:00|8:00 a 22:00|8:00 a 22:00
15|1|5431|5431 - MAR DEL PLATA|Autoservicio|AV COLON|5876|-37.986952|-57.583129||MAR DEL PLATA|00007604|BUENOS AIRES|AR-B|8:00 a 22:00|8:00 a 22:00|8:00 a 22:00|8:00 a 22:00|8:00 a 22:00|8:00 a 22:00|8:00 a 22:00
15|1|5432|5432 - GRAND BOURG|Autoservicio|EL CALLAO|216|-34.499247|-58.716323||GRAND BOURG|00001615|BUENOS AIRES|AR-B|8:00 a 22:00|8:00 a 22:00|8:00 a 22:00|8:00 a 22:00|8:00 a 22:00|8:00 a 22:00|8:00 a 22:00
15|1|5433|5433 - SAN FERNANDO|Autoservicio|AV TTE.GRAL JUAN DOMINGO PERON|2201|-34.446854|-58.547487||SAN FERNANDO|00001646|BUENOS AIRES|AR-B|8:00 a 22:00|8:00 a 22:00|8:00 a 22:00|8:00 a 22:00|8:00 a 22:00|8:00 a 22:00|8:00 a 22:00
15|1|5434|5434 - QUILMES|Autoservicio|MANUEL PALANCA|2569|-34.7823585|-58.314263||QUILMES|00001881|BUENOS AIRES|AR-B|8:00 a 22:00|8:00 a 22:00|8:00 a 22:00|8:00 a 22:00|8:00 a 22:00|8:00 a 22:00|8:00 a 22:00
15|1|5435|5435 - LA PLATA|Autoservicio|AV 44|2099|-34.939137|-57.986609||LA PLATA|00001908|BUENOS AIRES|AR-B|8:00 a 22:00|8:00 a 22:00|8:00 a 22:00|8:00 a 22:00|8:00 a 22:00|8:00 a 22:00|8:00 a 22:00
15|1|5437|5437 - BALCARCE|Autoservicio|CALLE 13|609|-37.845058|-58.253254||BALCARCE|00007620|BUENOS AIRES|AR-B|8:00 a 22:00|8:00 a 22:00|8:00 a 22:00|8:00 a 22:00|8:00 a 22:00|8:00 a 22:00|8:00 a 22:00
15|1|5438|5438 - LANUS|Autoservicio|PRESIDENTE TENIENTE GENERAL JUAN DOMINGO PERON|3833|-34.665894|-58.415865||LANUS|00001822|BUENOS AIRES|AR-B|8:00 a 22:00|8:00 a 22:00|8:00 a 22:00|8:00 a 22:00|8:00 a 22:00|8:00 a 22:00|8:00 a 22:00
15|1|5439|5439 - LANUS|Autoservicio|AV GENERAL JOSE DE SAN MARTIN|4334|-34.712895|-58.4272||LANUS|00001826|BUENOS AIRES|AR-B|8:00 a 22:00|8:00 a 22:00|8:00 a 22:00|8:00 a 22:00|8:00 a 22:00|8:00 a 22:00|8:00 a 22:00
15|1|5441|5441 - LA PLATA|Autoservicio|AV 44|561|-34.909913|-57.954619||LA PLATA|00001902|BUENOS AIRES|AR-B|8:00 a 22:00|8:00 a 22:00|8:00 a 22:00|8:00 a 22:00|8:00 a 22:00|8:00 a 22:00|8:00 a 22:00
15|1|5443|5443 - LINCOLN|Autoservicio|AV LEANDRO N ALEM|1239|-34.869497|-61.529975||LINCOLN|00006070|BUENOS AIRES|AR-B|8:00 a 22:00|8:00 a 22:00|8:00 a 22:00|8:00 a 22:00|8:00 a 22:00|8:00 a 22:00|8:00 a 22:00
15|1|5445|5445 - MAR DEL PLATA|Autoservicio|AV JUAN B JUSTO|1930|-38.027699|-57.559273||MAR DEL PLATA|00007600|BUENOS AIRES|AR-B|8:00 a 22:00|8:00 a 22:00|8:00 a 22:00|8:00 a 22:00|8:00 a 22:00|8:00 a 22:00|8:00 a 22:00
15|1|5446|5446 - CHASCOMUS|Autoservicio|AV PRESIDENTE ALFONSIN|593|-35.576611|-58.004916||CHASCOMUS|00007130|BUENOS AIRES|AR-B|8:00 a 22:00|8:00 a 22:00|8:00 a 22:00|8:00 a 22:00|8:00 a 22:00|8:00 a 22:00|8:00 a 22:00
15|1|5447|5447 - ALMIRANTE BROWN|Autoservicio|MITRE|2200|-34.7911301|-58.380203||ALMIRANTE BROWN|00001845|BUENOS AIRES|AR-B|8:00 a 22:00|8:00 a 22:00|8:00 a 22:00|8:00 a 22:00|8:00 a 22:00|8:00 a 22:00|8:00 a 22:00
15|1|5449|5449 - JOSE C. PAZ|Autoservicio|AV PRESIDENTE JUAN DOMINGO PERON|4279|-34.52184|-58.739817||JOSE C. PAZ|00001665|BUENOS AIRES|AR-B|8:00 a 22:00|8:00 a 22:00|8:00 a 22:00|8:00 a 22:00|8:00 a 22:00|8:00 a 22:00|8:00 a 22:00
15|1|5452|5452 - VILLA BOSCH|Autoservicio|MANUEL QUINTANA|1044|-34.589119|-58.572257||VILLA BOSCH|00001682|BUENOS AIRES|AR-B|8:00 a 22:00|8:00 a 22:00|8:00 a 22:00|8:00 a 22:00|8:00 a 22:00|8:00 a 22:00|8:00 a 22:00
15|1|5453|5453 - SAN MARTIN|Autoservicio|SUIPACHA|2612|-34.580125|-58.553819||SAN MARTIN|00001650|BUENOS AIRES|AR-B|8:00 a 22:00|8:00 a 22:00|8:00 a 22:00|8:00 a 22:00|8:00 a 22:00|8:00 a 22:00|8:00 a 22:00
15|1|5455|5455 - SAN MARTIN|Autoservicio|AV AYACUCHO|2474|-34.570649|-58.538861||SAN MARTIN|00001650|BUENOS AIRES|AR-B|8:00 a 22:00|8:00 a 22:00|8:00 a 22:00|8:00 a 22:00|8:00 a 22:00|8:00 a 22:00|8:00 a 22:00
15|1|5456|5456 - SAN MARTIN|Autoservicio|AV RODRIGUEZ PEÑA|5019|-34.594044|-58.537335||SAN MARTIN|00001650|BUENOS AIRES|AR-B|8:00 a 22:00|8:00 a 22:00|8:00 a 22:00|8:00 a 22:00|8:00 a 22:00|8:00 a 22:00|8:00 a 22:00
15|1|5458|5458 - MORENO|Autoservicio|GENERAL MARTIN MIGUEL DE GUEMES|1079|-34.636677|-58.802593||MORENO|00001744|BUENOS AIRES|AR-B|8:00 a 22:00|8:00 a 22:00|8:00 a 22:00|8:00 a 22:00|8:00 a 22:00|8:00 a 22:00|8:00 a 22:00
15|1|5461|5461 - CIUDADELA|Autoservicio|AV GAONA|3972|-34.634849|-58.542463||CIUDADELA|00001702|BUENOS AIRES|AR-B|8:00 a 22:00|8:00 a 22:00|8:00 a 22:00|8:00 a 22:00|8:00 a 22:00|8:00 a 22:00|8:00 a 22:00
15|1|5464|5464 - LUJAN|Autoservicio|ADOLFO ALSINA|1598|-34.573355|-59.115607||LUJAN|00006700|BUENOS AIRES|AR-B|8:00 a 22:00|8:00 a 22:00|8:00 a 22:00|8:00 a 22:00|8:00 a 22:00|8:00 a 22:00|8:00 a 22:00
15|1|5465|5465 - HURLINGHAM|Autoservicio|AV GOBERNADOR VERGARA|3257|-34.603212|-58.635229||HURLINGHAM|00001686|BUENOS AIRES|AR-B|8:00 a 22:00|8:00 a 22:00|8:00 a 22:00|8:00 a 22:00|8:00 a 22:00|8:00 a 22:00|8:00 a 22:00
15|1|6017|6017 - VILLA CONSTITUCION|Autoservicio|DORREGO|3114|-33.2428923|-60.3179436||VILLA CONSTITUCION|00002919|SANTA FE|AR-S|8:00 a 22:00|8:00 a 22:00|8:00 a 22:00|8:00 a 22:00|8:00 a 22:00|8:00 a 22:00|8:00 a 22:00
15|1|6040|6040 - CONCORDIA|Autoservicio|COLDAROLI|78|-31.3889553|-58.0152199||CONCORDIA|00003200|ENTRE RIOS|AR-E|8:00 a 22:00|8:00 a 22:00|8:00 a 22:00|8:00 a 22:00|8:00 a 22:00|8:00 a 22:00|8:00 a 22:00
15|1|6047|6047 - VILLAGUAY|Autoservicio|RIVADAVIA|29|-31.8696614|-59.0284795||VILLAGUAY|00003240|ENTRE RIOS|AR-E|8:00 a 22:00|8:00 a 22:00|8:00 a 22:00|8:00 a 22:00|8:00 a 22:00|8:00 a 22:00|8:00 a 22:00
15|1|6058|6058 - SAN SALVADOR|Autoservicio|HIPOLITO YRIGOYEN|369|-31.62669|-58.50777||SAN SALVADOR|00003218|ENTRE RIOS|AR-E|8:00 a 22:00|8:00 a 22:00|8:00 a 22:00|8:00 a 22:00|8:00 a 22:00|8:00 a 22:00|8:00 a 22:00
15|1|6061|6061 - GENERAL GALARZA|Autoservicio|SAN MARTIN|259|-32.723682|-59.396034||GENERAL GALARZA|00002843|ENTRE RIOS|AR-E|8:00 a 22:00|8:00 a 22:00|8:00 a 22:00|8:00 a 22:00|8:00 a 22:00|8:00 a 22:00|8:00 a 22:00
15|1|6063|6063 - GUALEGUAYCHU|Autoservicio|BV ANTONIO DANERI|65|-33.006972|-58.537419||GUALEGUAYCHU|00002820|ENTRE RIOS|AR-E|8:00 a 22:00|8:00 a 22:00|8:00 a 22:00|8:00 a 22:00|8:00 a 22:00|8:00 a 22:00|8:00 a 22:00
15|1|6064|6064 - GUALEGUAYCHU|Autoservicio|AV ARTIGAS|1657|-33.016616|-58.528798||GUALEGUAYCHU|00002820|ENTRE RIOS|AR-E|8:00 a 22:00|8:00 a 22:00|8:00 a 22:00|8:00 a 22:00|8:00 a 22:00|8:00 a 22:00|8:00 a 22:00
15|1|8006|8006 - SALTA|Autoservicio|ESPAÑA|2195|-24.7869634|-65.4323303||SALTA|00004404|SALTA|AR-A|8:00 a 22:00|8:00 a 22:00|8:00 a 22:00|8:00 a 22:00|8:00 a 22:00|8:00 a 22:00|8:00 a 22:00
15|1|8008|8008 - SALTA|Autoservicio|MIGUEL DE AZCUENAGA|2295|-24.8034671|-65.4373408||SALTA|00004404|SALTA|AR-A|8:00 a 22:00|8:00 a 22:00|8:00 a 22:00|8:00 a 22:00|8:00 a 22:00|8:00 a 22:00|8:00 a 22:00
15|1|8013|8013 - SALTA|Autoservicio|BROWN|70|-24.7880714|-65.4219001||SALTA|00004400|SALTA|AR-A|8:00 a 22:00|8:00 a 22:00|8:00 a 22:00|8:00 a 22:00|8:00 a 22:00|8:00 a 22:00|8:00 a 22:00
15|1|8014|8014 - METAN|Autoservicio|JOSE IGNACIO SIERRA|126|-25.4987985|-64.9705319||METAN|00004440|SALTA|AR-A|8:00 a 22:00|8:00 a 22:00|8:00 a 22:00|8:00 a 22:00|8:00 a 22:00|8:00 a 22:00|8:00 a 22:00
15|1|8017|8017 - GRAL. GUEMES|Autoservicio|CABRED|23|-24.671542|-65.045994||GRAL. GUEMES|00004430|SALTA|AR-A|8:00 a 22:00|8:00 a 22:00|8:00 a 22:00|8:00 a 22:00|8:00 a 22:00|8:00 a 22:00|8:00 a 22:00
15|1|8018|8018 - JUJUY|Autoservicio|BELGRANO|620|-24.387603|-65.264866||JUJUY|00004603|JUJUY|AR-J|8:00 a 22:00|8:00 a 22:00|8:00 a 22:00|8:00 a 22:00|8:00 a 22:00|8:00 a 22:00|8:00 a 22:00
15|1|90000|eCommerce|Supermercado|Juan Francisco Segui|4646|-34.5736049|-58.4232349|||00001425|CABA|Buenos Aires|00:00 a 24:00|00:00 a 24:00|00:00 a 24:00|00:00 a 24:00|00:00 a 24:00|00:00 a 24:00|00:00 a 24:00

Última actualización: 2026-07-03T04:05:37-03:00
